"country","latitude","longitude","1961","1962","1963","1964","1965","1966","1967","1968","1969","1970","1971","1972","1973","1974","1975","1976","1977","1978","1979","1980","1981","1982","1983","1984","1985","1986","1987","1988","1989","1990","1991","1992","1993","1994","1995","1996","1997","1998","1999","2000","2001","2002","2003","2004","2005","2006","2007","2008","2009","2010","2011","2012","2013","2014","2015","2016","2017","2018","2019","2020","2021","2022","2023"
"Afghanistan",33.7680065,66.2385139,-0.13,-0.17,0.84,-0.75,-0.22,0.24,-0.35,-0.4,-0.51,0.84,0.64,-1.1,0.26,-0.47,-0.44,-0.29,0.54,0.12,0.38,0.66,0.56,-0.29,0.24,0.25,0.4,-0.02,0.49,1.04,0.02,0.93,-0.05,-0.21,0.25,0.55,0.46,-0.09,0.46,0.66,1.27,1.06,1.38,1.46,0.71,1.48,0.51,1.84,0.79,0.81,0.95,1.66,1.46,0.27,1.35,0.52,1.2,1.61,1.64,1.62,0.99,0.59,1.48,2.15,1.96
"Africa",11.5024338,17.7578122,-0.02,-0.04,0.06,-0.16,-0.2,0.14,-0.22,-0.22,0.36,0.22,-0.2,0.0,0.38,-0.23,-0.23,-0.25,0.24,0.09,0.45,0.38,0.11,0.22,0.42,0.35,0.31,0.3,0.69,0.62,0.0,0.57,0.38,0.09,0.37,0.39,0.55,0.52,0.58,0.95,0.62,0.46,0.66,0.89,1.0,0.81,1.08,0.93,0.79,0.72,0.96,1.5,0.91,0.76,1.02,1.01,1.19,1.39,1.18,1.18,1.3,1.2,1.4,1.0,1.49
"Albania",41.000028,19.9999619,0.64,0.34,0.09,-0.17,-0.39,0.55,-0.08,0.06,-0.04,-0.14,-0.21,-0.08,-0.29,-0.13,-0.2,-0.68,0.53,-0.83,0.19,-0.42,-0.35,0.21,-0.09,-0.24,-0.07,0.6,-0.08,0.4,-0.04,0.81,-0.28,0.11,0.11,1.36,-0.14,0.01,0.11,0.82,0.72,1.08,1.55,0.52,1.03,0.47,0.22,0.39,1.39,1.04,0.98,1.26,1.13,1.55,1.39,1.29,1.67,1.56,1.2,2.1,1.75,1.57,1.59,1.59,2.12
"Algeria",36.7729333,3.0588445,0.16,0.12,0.05,0.25,-0.11,0.41,-0.02,-0.07,0.25,0.08,-0.41,-0.36,-0.02,-0.51,-0.57,-0.8,0.55,0.06,0.71,0.27,0.25,0.42,0.62,0.05,0.55,0.35,1.05,1.4,0.45,1.33,0.1,-0.23,0.65,0.83,0.69,0.92,1.11,1.16,1.5,0.86,1.9,1.29,1.62,1.02,1.29,1.42,1.25,1.21,0.96,2.28,1.4,1.17,1.22,1.71,1.15,1.79,1.53,1.23,1.11,1.91,2.36,1.78,2.27
"American Samoa",-14.297124,-170.7131481,0.12,0.0,0.21,-0.09,-0.6,0.13,-0.39,-0.19,0.15,-0.03,-0.42,-0.06,0.33,-0.3,-0.11,-0.17,0.16,0.09,0.34,0.34,0.17,0.29,0.31,0.26,0.24,0.38,0.33,0.51,0.17,0.52,0.68,0.34,-0.09,0.14,0.73,0.79,NULL,NULL,0.24,0.6,0.88,1.13,0.71,0.24,0.88,0.48,0.93,0.5,NULL,1.13,0.68,0.72,1.01,0.84,0.68,1.21,1.11,0.86,1.21,1.1,0.94,0.93,0.95
"Americas",24.7951304,-107.4123106,0.05,-0.08,0.26,-0.24,-0.3,-0.1,-0.11,0.0,0.1,0.16,-0.24,-0.45,0.16,-0.28,-0.12,-0.14,0.51,-0.07,-0.07,0.51,0.7,-0.09,0.45,0.07,-0.01,0.29,0.84,0.56,0.17,0.37,0.42,0.25,0.27,0.5,0.71,0.19,0.57,1.42,0.8,0.73,0.85,0.78,0.98,0.68,1.04,1.22,0.92,0.57,0.68,1.31,0.87,1.35,0.85,0.72,1.35,1.77,1.35,0.95,1.23,1.3,1.56,1.08,1.77
"Andorra",42.5407167,1.5732033,0.76,0.12,-0.74,0.32,-0.49,0.41,0.64,0.01,-0.16,0.11,-0.33,-0.48,0.0,-0.38,0.22,-0.06,-0.11,-0.18,0.03,-0.22,0.15,1.02,0.82,-0.2,0.01,0.35,0.37,0.85,1.15,1.71,0.19,0.35,0.15,1.48,1.27,0.56,1.76,1.0,1.04,1.04,1.49,0.84,1.97,0.94,0.87,1.5,1.02,0.93,1.4,0.46,1.67,1.25,0.82,1.92,1.63,1.92,1.85,1.84,1.88,2.48,1.45,3.16,2.79
"Angola",-11.8775768,17.5691241,0.06,-0.13,-0.17,-0.21,-0.17,0.2,-0.09,-0.2,0.17,0.25,-0.08,-0.01,0.45,-0.2,-0.08,-0.34,0.22,0.07,0.32,0.31,-0.06,0.14,0.48,0.64,0.7,0.17,0.71,0.58,0.0,0.69,0.31,0.46,0.25,0.32,0.76,0.38,0.24,1.13,0.39,0.21,0.29,0.72,0.91,0.35,1.09,0.46,0.78,0.42,0.64,1.17,0.84,0.56,1.01,0.79,1.33,1.69,0.94,1.31,1.79,1.11,1.4,1.14,1.18
"Anguilla",18.1954947,-63.0750234,0.06,-0.03,0.24,0.05,-0.32,0.13,-0.14,-0.26,0.31,0.21,-0.19,-0.07,0.31,-0.23,-0.25,-0.28,0.29,0.36,0.32,0.73,0.75,0.41,0.7,0.11,0.11,0.19,0.8,0.56,0.03,0.48,0.58,0.51,0.64,0.61,0.78,0.52,0.73,1.25,0.66,0.5,NULL,0.7,0.98,0.61,1.01,0.75,0.89,0.3,0.52,1.29,0.58,0.68,0.7,0.71,1.0,1.17,0.93,0.79,0.88,1.18,0.88,0.79,1.12
"Antarctica",-79.4063075,0.3149312,0.28,-0.23,0.14,-0.37,-0.1,-0.24,0.13,-0.09,-0.26,-0.13,0.28,0.62,0.01,0.17,0.18,-0.63,0.25,-0.12,-0.23,0.57,0.71,-0.03,-0.69,0.12,0.18,-0.27,-0.7,0.95,-0.44,0.29,0.67,0.33,-0.72,-0.07,-0.24,0.81,-0.51,-0.4,-0.55,-0.79,-0.07,1.33,-0.46,0.15,0.86,-0.03,0.68,0.57,1.32,0.85,0.77,-0.2,1.74,0.57,-0.02,0.23,0.79,1.45,0.64,0.8,-0.57,0.48,0.48
"Antigua and Barbuda",17.2234721,-61.9554608,0.07,-0.08,0.18,0.06,-0.44,0.16,-0.14,-0.26,0.31,0.21,-0.19,-0.07,0.31,-0.23,-0.25,-0.28,0.29,0.36,0.32,0.73,0.75,0.41,0.7,0.11,0.11,0.19,0.8,0.56,0.03,0.48,0.58,0.51,0.64,0.61,0.78,0.52,0.73,1.25,0.66,0.5,NULL,0.7,0.98,0.61,1.01,0.75,0.89,0.3,0.52,1.29,0.58,0.68,0.7,0.71,1.0,1.17,0.93,0.79,0.88,1.18,0.88,0.79,1.12
"Argentina",-34.9964963,-64.9672817,0.12,-0.06,0.17,-0.35,0.09,-0.16,0.0,0.48,0.3,0.44,-0.27,-0.01,-0.14,-0.13,-0.06,-0.35,0.41,0.33,0.25,0.35,0.35,0.34,0.03,-0.1,0.3,0.45,0.42,-0.23,0.57,0.4,0.23,-0.3,0.04,0.44,0.2,0.46,0.7,0.28,0.1,-0.25,0.36,0.21,0.58,0.4,0.2,0.51,-0.26,0.5,0.75,0.05,0.28,0.74,0.42,0.94,0.93,0.48,1.08,0.86,0.75,1.1,1.01,0.63,1.52
"Armenia",40.7696272,44.6736646,NULL,NULL,NULL,NULL,NULL,NULL,NULL,NULL,NULL,NULL,NULL,NULL,NULL,NULL,NULL,NULL,NULL,NULL,NULL,NULL,NULL,NULL,NULL,NULL,NULL,NULL,NULL,NULL,NULL,NULL,NULL,-1.31,-0.94,0.48,0.69,0.47,0.73,1.35,1.56,1.1,1.47,1.2,0.18,1.14,0.55,1.64,0.74,0.88,0.69,2.77,0.66,1.29,1.36,1.24,1.9,1.33,0.88,2.74,1.86,1.95,2.18,1.85,2.26
"Aruba",12.5175662,-69.9818642,-0.24,0.1,0.02,0.21,-0.43,0.13,-0.27,-0.06,0.53,0.3,-0.24,0.07,0.3,-0.44,-0.2,-0.42,0.28,0.52,NULL,0.63,0.38,0.41,0.73,0.2,-0.19,-0.15,0.71,0.43,-0.12,0.18,0.42,0.59,NULL,0.4,0.68,0.85,0.61,1.28,0.38,0.1,0.71,0.86,0.92,0.46,0.6,0.63,0.89,0.16,0.43,1.0,0.3,0.56,1.03,0.82,1.66,1.0,1.16,0.66,0.99,1.29,NULL,NULL,NULL
"Asia",51.2086975,89.2343748,0.04,-0.02,0.27,-0.17,-0.03,0.33,-0.31,-0.33,-0.01,0.08,-0.12,-0.17,0.25,-0.14,0.02,-0.33,0.1,0.16,0.45,0.28,0.21,0.13,0.0,-0.12,0.03,0.07,0.42,0.44,0.28,0.54,0.42,-0.05,0.1,0.55,0.65,0.2,0.63,1.07,1.12,0.71,1.05,1.2,0.68,1.12,0.9,1.14,1.22,0.91,1.1,1.28,0.73,0.73,1.08,0.93,1.31,1.48,1.48,1.35,1.39,1.51,1.54,1.72,1.78
"Australia",-24.7761086,134.755,0.16,0.13,-0.1,-0.02,0.15,-0.23,-0.08,-0.2,0.11,0.01,-0.01,0.1,0.84,-0.35,0.05,-0.52,0.16,0.06,0.35,0.84,0.45,0.14,0.58,-0.21,0.29,0.34,0.31,0.92,0.1,0.5,0.76,0.24,0.44,0.17,0.36,0.54,0.32,1.03,0.52,0.08,0.28,0.67,0.78,0.66,1.13,0.64,0.86,0.55,0.95,0.59,0.14,0.23,1.41,1.11,1.0,1.1,1.08,1.06,1.35,1.34,0.57,0.68,0.86
"Austria",47.59397,14.12456,1.03,-0.62,-0.73,-0.37,-0.88,0.61,0.68,0.22,-0.12,-0.54,-0.05,0.11,-0.03,0.32,0.87,0.22,0.51,-0.47,-0.11,-0.27,0.29,0.4,1.07,-0.24,-0.56,0.33,-0.26,0.83,1.11,1.27,0.14,1.26,0.54,1.97,0.95,-0.19,0.52,1.35,0.99,1.77,1.51,1.54,1.47,0.84,0.64,0.92,2.15,1.6,1.55,0.67,1.38,1.79,1.11,2.42,2.18,2.1,1.75,2.53,2.38,2.32,1.41,2.54,2.57
"Azerbaijan",40.3936294,47.7872508,NULL,NULL,NULL,NULL,NULL,NULL,NULL,NULL,NULL,NULL,NULL,NULL,NULL,NULL,NULL,NULL,NULL,NULL,NULL,NULL,NULL,NULL,NULL,NULL,NULL,NULL,NULL,NULL,NULL,NULL,NULL,-0.84,-1.02,0.09,1.0,0.23,0.58,1.18,1.22,1.09,1.4,1.43,-0.1,1.32,0.88,1.52,0.98,0.88,0.78,2.33,0.73,1.42,1.5,1.15,1.59,1.36,1.2,2.13,1.88,1.89,1.96,2.03,2.16
"Bahamas",24.7736546,-78.0000547,0.02,-0.14,-0.17,0.12,0.01,-0.17,-0.18,-0.32,-0.11,-0.54,-0.13,0.45,0.31,0.07,0.47,-0.19,0.12,0.18,0.26,0.41,-0.06,0.52,0.21,0.09,0.3,0.29,0.46,0.4,0.68,0.79,0.81,0.3,0.37,0.79,0.73,0.08,0.84,0.99,0.68,0.27,0.2,0.92,1.07,0.4,0.48,0.39,0.91,0.89,0.49,0.38,0.46,0.54,0.75,1.07,1.27,1.21,1.48,1.18,1.6,1.72,0.71,1.3,1.69
"Bahrain",26.1551249,50.5344606,-0.48,0.39,0.63,-0.56,0.24,0.54,-0.35,-0.44,0.58,0.26,-0.23,-0.6,-0.26,-0.24,-0.2,-0.48,0.36,0.12,0.88,0.38,0.44,-0.08,-0.85,0.03,0.48,0.78,0.54,0.62,0.03,0.43,-0.26,-0.58,0.09,0.95,0.2,0.64,0.31,1.37,2.0,1.16,1.26,1.63,1.3,1.42,1.1,1.84,1.04,1.29,1.18,2.22,1.37,1.31,1.44,1.72,2.24,1.66,2.12,2.28,2.13,1.99,2.42,1.97,2.26
"Bangladesh",24.4769288,90.2934413,0.13,-0.3,-0.12,0.08,-0.22,0.31,-0.21,-0.22,0.0,-0.03,-0.59,-0.03,0.17,-0.14,-0.09,-0.1,-0.26,-0.21,0.5,0.14,-0.16,-0.03,-0.12,-0.3,0.08,0.04,0.35,0.36,0.1,-0.13,0.02,-0.06,-0.33,0.27,0.24,0.22,-0.05,0.63,0.9,0.37,0.45,0.54,0.4,0.44,0.78,0.98,0.43,0.21,0.97,0.89,0.3,0.35,0.34,0.61,0.8,1.34,1.14,0.91,1.15,0.93,1.33,1.24,1.64
"Barbados",13.1500331,-59.5250305,0.24,0.1,0.2,-0.02,-0.3,-0.18,-0.29,-0.41,0.26,0.01,-0.45,-0.3,-0.05,-0.36,-0.59,-0.46,-0.08,0.21,-0.01,0.5,0.27,0.1,0.22,-0.13,-0.33,-0.24,0.45,0.29,0.1,0.24,0.3,0.2,0.25,0.24,0.52,0.43,0.34,1.15,0.53,0.36,0.55,0.77,0.88,0.75,1.19,0.89,0.72,0.36,0.47,1.19,0.7,0.5,0.83,0.47,0.92,1.21,0.84,0.55,1.01,0.84,0.86,0.65,NULL
"Belarus",53.4250605,27.6971358,NULL,NULL,NULL,NULL,NULL,NULL,NULL,NULL,NULL,NULL,NULL,NULL,NULL,NULL,NULL,NULL,NULL,NULL,NULL,NULL,NULL,NULL,NULL,NULL,NULL,NULL,NULL,NULL,NULL,NULL,NULL,1.26,0.01,1.13,1.49,-0.29,0.35,0.69,1.49,1.93,1.97,1.88,0.07,0.92,1.27,0.64,2.35,2.24,1.59,1.44,1.0,1.53,1.18,2.14,2.21,2.18,1.57,2.32,2.67,3.49,1.7,1.89,2.71
"Belgium",50.6402809,4.6667145,NULL,NULL,NULL,NULL,NULL,NULL,NULL,NULL,NULL,NULL,NULL,NULL,NULL,NULL,NULL,NULL,NULL,NULL,NULL,NULL,NULL,NULL,NULL,NULL,NULL,NULL,NULL,NULL,NULL,NULL,NULL,NULL,NULL,NULL,NULL,NULL,NULL,NULL,NULL,1.48,1.33,1.39,1.52,1.09,1.2,1.41,1.89,1.26,1.16,0.24,1.29,1.14,0.47,2.41,1.36,1.87,1.71,2.17,2.06,2.54,1.18,2.78,2.41
"Belize",17.1204943,-88.6859028,-0.1,-0.25,-0.18,-0.15,-0.2,-0.31,-0.41,-0.28,0.19,-0.25,-0.18,0.58,0.49,0.2,0.17,-0.31,0.26,0.14,0.69,0.72,0.09,0.69,0.82,0.31,0.58,0.23,0.48,0.57,0.31,0.46,0.59,0.44,0.58,0.89,0.89,0.36,1.02,1.04,0.39,0.11,0.36,0.65,0.89,0.64,0.78,0.57,0.74,0.47,0.81,0.73,0.61,0.53,0.68,0.7,1.21,1.35,1.24,0.74,1.44,1.58,1.2,0.98,1.81
"Benin",9.5293472,2.2584408,-0.16,-0.27,0.1,-0.26,-0.12,-0.1,-0.27,-0.1,0.37,0.37,-0.13,0.16,0.65,0.08,-0.26,-0.17,0.37,-0.02,0.53,0.46,0.24,0.27,0.61,0.61,0.48,0.38,1.05,0.71,0.03,0.66,0.38,0.04,0.59,0.49,0.47,0.81,0.61,1.11,0.67,0.49,0.57,0.76,1.01,0.78,1.18,1.11,0.87,0.7,1.01,1.28,1.0,0.64,0.92,1.0,1.19,1.14,1.29,1.17,1.26,1.15,1.61,0.97,1.47
"Bhutan",27.549511,90.5119273,0.2,-0.3,-0.23,0.05,-0.58,0.14,-0.38,-0.48,0.09,-0.06,-0.26,-0.05,0.3,0.15,0.11,-0.04,-0.05,-0.23,0.39,0.07,0.2,-0.12,-0.28,0.02,0.22,-0.07,0.21,0.52,0.19,-0.14,0.06,-0.26,-0.32,0.2,0.38,0.18,-0.4,0.72,0.92,0.08,0.59,0.41,0.44,0.41,0.72,0.93,0.95,0.52,1.36,1.16,0.5,0.45,0.69,0.77,0.91,1.34,1.33,1.22,1.14,1.04,1.65,1.46,1.75
"Bolivia",-17.0568696,-64.9912286,0.25,0.09,0.44,-0.15,0.27,-0.04,0.38,-0.04,0.5,0.23,-0.55,0.14,0.07,-0.23,-0.09,-0.21,0.3,0.36,0.2,0.27,0.23,0.26,0.46,0.27,0.36,0.5,0.69,0.27,0.08,0.1,0.54,0.03,0.38,0.82,0.72,0.28,0.86,0.91,0.31,0.35,0.63,0.96,0.72,0.85,0.79,0.91,0.57,0.45,0.76,0.79,1.21,0.91,0.66,1.08,1.45,0.81,1.04,0.61,0.99,1.28,0.73,0.67,2.2
"Bosnia and Herzegovina",44.3053476,17.5961467,NULL,NULL,NULL,NULL,NULL,NULL,NULL,NULL,NULL,NULL,NULL,NULL,NULL,NULL,NULL,NULL,NULL,NULL,NULL,NULL,NULL,NULL,NULL,NULL,NULL,NULL,NULL,NULL,NULL,NULL,NULL,0.69,0.28,1.72,0.32,-0.01,0.15,1.1,0.66,1.57,1.58,1.2,1.15,0.64,0.19,0.65,1.93,1.45,1.46,1.03,1.19,1.83,1.39,1.9,1.89,1.74,1.48,2.33,2.04,1.93,1.64,2.15,2.55
"Botswana",-23.1681782,24.5928742,0.11,0.22,-0.51,-0.08,0.08,0.42,-0.46,-0.18,0.21,0.64,-0.09,-0.44,0.65,-0.72,-0.22,-0.7,0.31,-0.04,0.57,0.0,-0.37,0.41,1.08,0.53,0.39,0.44,1.43,0.5,-0.08,0.99,0.2,1.07,0.74,0.05,1.44,0.0,0.24,1.19,0.88,-0.37,0.18,0.78,1.12,0.21,1.35,-0.17,0.68,0.61,0.16,1.4,0.49,0.99,1.28,0.42,1.94,1.93,0.44,1.13,1.99,0.92,0.04,-0.7,0.73
"Brazil",-10.3333333,-53.2,0.16,-0.2,0.16,-0.24,-0.09,0.03,0.05,-0.41,0.32,0.12,-0.15,0.09,0.41,-0.19,-0.15,-0.19,0.26,0.03,-0.01,0.3,0.18,0.27,0.47,0.3,0.11,0.3,0.72,0.48,0.17,0.48,0.49,0.44,0.53,0.62,0.81,0.53,0.74,1.27,0.57,0.54,0.8,1.08,0.98,0.82,1.16,0.83,0.98,0.73,0.95,1.13,0.83,1.07,0.96,1.21,1.61,1.54,1.43,1.18,1.54,1.45,1.15,1.0,1.65
"British Virgin Islands",18.4024395,-64.5661642,0.05,0.01,0.3,0.06,-0.19,0.24,NULL,NULL,NULL,NULL,NULL,NULL,NULL,NULL,NULL,NULL,NULL,NULL,NULL,NULL,NULL,NULL,NULL,NULL,NULL,NULL,NULL,NULL,NULL,NULL,NULL,NULL,NULL,NULL,NULL,NULL,NULL,NULL,NULL,NULL,NULL,NULL,NULL,NULL,NULL,NULL,NULL,NULL,NULL,NULL,NULL,NULL,NULL,NULL,NULL,NULL,NULL,NULL,NULL,NULL,NULL,NULL,NULL
"Brunei Darussalam",4.4137155,114.5653908,0.03,-0.03,-0.15,0.08,-0.24,0.19,-0.07,-0.14,0.28,0.15,-0.22,0.03,0.28,-0.1,0.15,-0.24,0.03,0.17,0.13,0.12,0.07,0.09,0.53,-0.21,0.03,-0.05,0.33,0.35,-0.05,0.34,0.37,0.27,0.15,0.34,0.32,0.23,0.49,1.12,0.35,0.29,0.37,0.52,0.69,0.49,0.75,0.46,0.5,0.31,0.64,0.74,0.37,0.6,0.78,0.71,0.93,1.38,0.94,0.9,1.22,1.22,0.97,1.05,1.15
"Bulgaria",42.6073975,25.4856617,0.88,0.45,-0.28,-0.56,-0.48,1.14,0.01,0.43,-0.48,0.21,-0.13,0.14,-0.43,-0.21,0.38,-0.85,0.55,-0.73,0.15,-0.47,-0.07,-0.14,0.38,-0.03,-0.61,0.35,-0.49,0.12,0.4,0.79,-0.16,0.15,-0.32,1.59,0.22,-0.36,-0.33,0.78,0.69,1.17,1.63,0.84,0.16,0.51,0.19,0.54,1.85,1.15,1.26,1.33,0.39,1.65,1.44,1.13,1.34,1.8,0.84,2.07,1.99,1.94,1.51,1.79,2.61
"Burkina Faso",12.0753083,-1.6880314,-0.33,-0.26,0.13,-0.24,-0.15,-0.14,-0.18,-0.2,0.56,0.36,-0.03,0.17,0.69,-0.06,-0.31,-0.31,0.28,0.23,0.45,0.82,0.3,0.18,0.72,0.81,0.49,0.39,1.08,0.63,0.03,0.63,0.55,0.01,0.75,0.33,0.43,0.94,0.65,1.02,0.56,0.54,0.51,1.02,1.0,0.88,1.46,1.18,0.89,0.33,0.98,1.29,1.02,0.51,0.87,0.94,1.17,1.11,1.27,1.22,1.14,1.13,1.71,0.88,1.56
"Burundi",-3.426449,29.9324519,0.06,-0.46,-0.03,-0.15,-0.23,0.04,-0.22,-0.23,0.2,0.32,-0.25,0.19,0.59,0.17,NULL,NULL,NULL,NULL,NULL,NULL,NULL,0.54,0.58,NULL,NULL,0.45,0.53,0.3,0.04,0.39,-0.01,0.11,NULL,NULL,NULL,NULL,NULL,0.65,NULL,NULL,0.37,0.77,0.91,1.02,NULL,NULL,1.12,NULL,NULL,NULL,NULL,NULL,NULL,NULL,NULL,NULL,NULL,NULL,NULL,NULL,NULL,NULL,NULL
"Cabo Verde",16.0000552,-24.0083947,-0.09,0.27,0.54,0.05,-0.27,0.33,0.0,-0.3,0.94,0.75,-0.21,0.06,0.36,-0.52,NULL,-0.29,NULL,0.33,0.69,0.69,0.38,0.63,0.62,NULL,0.22,0.08,1.12,0.93,1.06,1.43,0.79,1.0,0.62,0.55,1.59,1.71,1.77,1.89,0.91,1.15,1.44,1.47,0.98,1.02,0.63,0.82,0.28,0.76,0.6,2.08,1.01,0.38,0.81,0.57,0.55,1.21,1.5,0.41,1.09,NULL,1.12,1.21,2.17
"Cambodia",12.5433216,104.8144914,-0.04,-0.14,-0.29,0.18,-0.19,0.44,-0.1,-0.15,0.46,0.06,-0.49,0.01,0.32,-0.37,-0.05,-0.48,0.01,0.2,0.38,0.3,0.26,0.09,0.45,0.08,0.24,0.06,0.61,0.32,0.22,0.56,0.47,0.44,0.32,0.41,0.63,0.29,0.34,1.28,0.34,0.19,0.59,0.65,0.64,0.54,0.68,0.69,0.57,0.39,0.38,1.15,0.35,0.86,1.0,0.55,1.04,1.33,0.99,0.66,1.37,1.28,0.79,0.89,1.26
"Cameroon",4.6125522,13.1535811,-0.1,-0.21,0.15,-0.17,-0.11,-0.02,-0.14,-0.1,0.22,0.15,-0.15,0.03,0.55,-0.09,-0.2,-0.2,0.31,0.04,0.39,0.36,-0.01,0.0,0.14,0.17,0.05,0.12,0.48,0.26,-0.31,0.56,0.53,-0.27,0.19,0.27,0.26,0.32,0.5,1.22,0.61,0.39,0.23,0.76,0.89,0.85,1.05,1.06,0.78,0.69,1.08,1.22,0.6,0.39,0.76,0.77,1.05,1.07,1.03,0.94,1.29,1.08,1.2,0.84,1.09
"Canada",61.0666922,-107.991707,0.05,-0.12,0.34,-0.3,-0.87,-0.16,-0.46,0.48,0.0,0.43,-0.02,-1.79,0.32,-0.84,0.23,0.09,1.08,-0.61,-0.22,0.92,1.56,-0.67,0.5,0.35,-0.3,0.03,1.36,1.21,0.03,0.08,0.35,0.11,0.35,0.47,0.95,-0.12,0.43,2.48,1.71,1.3,1.43,0.55,1.25,0.49,1.3,2.37,1.34,0.87,0.55,2.93,1.46,2.17,1.21,0.3,1.28,2.43,1.53,0.53,1.33,1.16,2.52,1.28,2.37
"Cayman Islands",19.7031822,-79.9174627,NULL,-0.15,-0.3,NULL,NULL,-0.17,-0.24,-0.37,0.14,-0.19,-0.18,0.23,0.4,0.4,0.99,-0.02,0.38,0.27,0.28,0.53,-0.05,0.53,0.32,0.21,0.14,0.24,0.54,0.77,0.75,0.75,0.85,0.58,1.11,1.35,1.44,0.86,1.41,1.34,0.87,NULL,NULL,NULL,NULL,NULL,1.06,1.0,1.15,0.96,0.86,1.07,0.75,0.82,0.97,1.18,1.42,1.36,1.33,0.94,1.31,1.35,1.03,1.05,1.76
"Central African Rep.",13.36179,103.86056,0.01,-0.32,0.03,-0.16,-0.07,0.02,-0.31,-0.22,0.1,0.2,-0.09,0.03,0.51,-0.1,-0.1,-0.16,0.26,0.08,0.41,0.44,-0.08,0.08,0.3,0.03,0.08,0.38,0.41,0.16,-0.21,0.28,0.45,-0.46,0.22,0.46,0.06,0.01,0.36,1.15,0.4,0.6,0.36,0.72,0.81,0.93,0.98,0.97,0.49,0.52,0.96,1.02,0.54,0.23,0.69,0.61,0.95,1.14,1.1,1.13,1.26,1.03,1.14,0.95,1.02
"Chad",15.6134137,19.0156172,-0.43,-0.29,0.29,-0.2,-0.13,-0.03,-0.4,-0.18,0.59,0.13,-0.18,0.22,0.75,0.01,-0.14,0.27,-0.01,-0.1,0.53,0.43,0.19,0.43,0.09,0.59,0.3,0.75,0.42,0.15,-0.23,0.5,0.53,-0.35,0.16,0.28,0.12,0.53,0.5,0.86,0.55,0.4,0.35,0.86,0.91,0.9,1.23,1.42,0.69,0.53,1.3,1.33,0.98,0.59,1.06,0.91,1.11,0.92,1.0,1.23,1.04,0.85,1.09,0.49,1.38
"Chile",-31.7613365,-71.3187697,-0.19,0.32,0.13,-0.15,0.15,-0.19,-0.15,0.35,0.14,0.18,-0.4,-0.17,-0.12,-0.25,-0.24,-0.37,0.26,0.25,0.16,0.24,0.26,0.28,0.48,-0.23,0.23,-0.03,0.51,-0.04,0.22,0.11,0.0,-0.2,0.14,0.14,-0.14,0.14,0.61,0.6,0.12,-0.38,-0.15,-0.07,0.13,0.35,0.04,0.34,-0.46,0.26,0.29,-0.23,0.0,0.5,0.25,0.27,0.62,0.8,0.64,0.3,0.45,0.71,0.64,0.17,0.85
"China",35.0000663,104.999955,0.05,-0.06,0.32,0.11,0.14,0.65,0.05,-0.65,-0.01,-0.4,-0.19,-0.14,0.42,-0.35,0.15,-0.78,0.15,-0.01,0.0,0.24,0.36,0.05,-0.21,-0.54,-0.33,-0.03,0.79,-0.19,0.21,0.28,0.76,-0.2,0.34,0.4,0.03,0.07,0.33,1.0,1.02,0.36,0.91,1.02,1.03,0.75,0.83,1.01,1.12,0.52,1.02,0.51,0.44,0.66,0.93,0.8,1.26,0.85,1.4,1.22,1.78,1.84,1.96,1.37,1.42
"Colombia",4.099917,-72.9088133,0.02,-0.15,-0.02,0.09,-0.13,0.14,-0.26,-0.21,0.32,0.04,-0.42,-0.04,0.32,-0.31,-0.28,-0.19,0.25,0.13,0.2,0.46,0.15,0.2,0.62,-0.23,-0.01,0.0,0.58,0.33,-0.07,0.28,0.42,0.56,0.23,0.22,0.5,0.13,0.55,0.94,-0.01,0.0,0.47,0.71,0.73,0.64,0.74,0.6,0.69,0.36,0.85,1.03,0.49,0.71,0.84,0.82,1.28,1.11,0.77,0.98,1.28,1.34,0.82,0.67,1.27
"Comoros",-12.2045176,44.2832964,0.46,0.0,-0.25,-0.21,-0.33,0.06,0.16,-0.45,0.2,0.06,-0.54,-0.07,0.14,-0.37,-0.16,-0.08,0.44,0.18,0.15,0.19,0.07,0.52,0.34,-0.45,NULL,-0.02,0.44,0.44,-0.25,0.14,0.28,0.1,0.22,0.58,0.46,-0.01,0.35,0.93,0.36,0.13,0.28,0.74,0.41,0.34,0.43,0.24,0.57,0.36,0.69,0.93,0.57,0.53,0.46,0.55,0.77,0.74,0.99,0.75,1.34,1.07,0.69,0.56,1.33
"Congo",-2.9814344,23.8222636,-0.16,-0.03,0.14,-0.12,-0.16,0.11,-0.14,-0.1,0.12,0.16,-0.1,-0.07,0.48,-0.09,-0.16,-0.28,0.2,0.08,0.39,0.28,-0.25,-0.27,0.23,0.08,-0.27,-0.01,0.36,0.2,-0.32,0.03,0.14,-0.26,0.02,0.29,0.49,-0.03,NULL,1.07,0.58,0.36,0.31,0.71,0.78,0.84,0.81,0.77,0.81,0.72,0.72,1.21,0.58,0.57,0.81,0.78,1.1,1.52,1.19,1.27,1.41,1.51,1.28,1.2,1.37
"Cook Islands",-19.9969716,-157.7858714,0.17,-0.02,-0.05,0.22,-0.32,0.07,-0.33,-0.36,0.0,0.23,-0.1,-0.05,0.45,-0.2,-0.27,-0.29,0.16,0.12,0.15,0.27,0.12,0.08,0.26,0.11,0.13,0.37,0.15,0.46,0.24,0.28,0.47,0.46,0.21,0.28,0.53,0.44,0.24,NULL,0.92,0.59,0.67,0.55,0.51,0.54,0.41,0.61,0.64,0.51,0.36,0.87,0.75,0.48,0.7,0.46,-0.13,0.61,0.97,0.54,0.52,0.57,0.87,0.78,0.26
"Costa Rica",10.2735633,-84.0739102,-0.04,-0.42,-0.05,-0.35,0.04,NULL,NULL,NULL,NULL,NULL,-0.41,0.2,0.24,-0.19,-0.32,0.2,0.37,0.18,0.26,0.41,0.27,0.58,1.17,0.16,0.11,NULL,0.85,0.33,0.24,0.78,0.77,0.69,0.53,0.79,0.95,0.26,1.06,1.3,0.0,0.18,0.83,1.13,1.1,1.0,0.75,0.92,0.87,0.45,1.14,1.04,0.61,NULL,NULL,NULL,NULL,NULL,NULL,NULL,NULL,NULL,NULL,NULL,NULL
"CÃ´te d'Ivoire",7.9897371,-5.5679458,-0.1,-0.12,0.13,-0.23,-0.18,0.12,-0.19,-0.06,0.36,0.3,-0.11,0.03,0.64,-0.01,-0.14,-0.31,0.34,0.14,0.55,0.48,0.31,0.22,0.71,0.55,0.29,0.27,1.06,0.75,0.36,0.66,0.55,0.34,0.58,0.6,0.76,0.82,0.75,1.35,0.57,0.53,0.63,0.93,1.2,0.88,1.17,1.06,1.15,0.85,1.03,1.37,1.05,0.76,1.04,0.93,1.37,1.57,1.62,1.43,1.44,1.5,1.6,1.33,1.82
"Croatia",45.3658443,15.6575209,NULL,NULL,NULL,NULL,NULL,NULL,NULL,NULL,NULL,NULL,NULL,NULL,NULL,NULL,NULL,NULL,NULL,NULL,NULL,NULL,NULL,NULL,NULL,NULL,NULL,NULL,NULL,NULL,NULL,NULL,NULL,0.83,0.4,1.72,0.43,-0.02,0.31,1.16,0.71,1.64,1.61,1.28,1.29,0.68,0.31,0.73,2.0,1.48,1.52,0.88,1.28,1.87,1.29,2.05,1.94,1.85,1.57,2.33,2.12,2.03,1.62,2.29,2.58
"Cuba",23.0131338,-80.8328748,-0.05,-0.05,-0.12,0.13,0.05,-0.31,-0.25,-0.35,0.0,-0.37,0.03,0.39,0.36,0.04,0.48,-0.22,0.14,0.03,0.34,0.47,-0.05,0.55,0.26,0.25,0.19,0.31,0.7,0.57,0.65,0.8,0.87,0.56,0.56,0.92,1.01,0.49,0.92,1.11,0.7,0.46,0.41,0.81,0.96,0.73,0.63,0.87,0.86,0.51,0.81,0.73,0.7,0.77,1.0,1.18,1.43,1.46,1.47,1.18,1.63,1.75,1.34,1.5,1.94
"Cyprus",34.9823018,33.1451285,0.02,0.75,0.7,-0.61,-0.21,0.63,-0.76,0.0,0.19,0.51,-0.22,-0.57,-0.33,-0.16,-0.2,-0.69,0.14,-0.01,0.63,-0.27,0.11,-0.32,-0.78,0.01,-0.07,0.25,-0.26,0.05,0.11,0.08,0.38,-0.92,-0.41,1.1,0.12,0.32,0.07,1.02,1.14,0.68,1.23,0.89,0.65,0.68,0.4,0.68,0.87,1.08,1.03,2.05,0.7,0.92,1.18,1.01,1.13,1.5,0.78,2.1,1.5,1.63,1.95,1.18,1.87
"Czech Rep.",49.7439047,15.3381061,NULL,NULL,NULL,NULL,NULL,NULL,NULL,NULL,NULL,NULL,NULL,NULL,NULL,NULL,NULL,NULL,NULL,NULL,NULL,NULL,NULL,NULL,NULL,NULL,NULL,NULL,NULL,NULL,NULL,NULL,NULL,NULL,0.29,1.8,1.04,-0.6,0.14,1.26,1.11,1.91,1.23,1.53,1.08,0.82,0.75,0.96,2.17,1.65,1.43,0.41,1.04,1.58,0.78,2.5,2.11,2.06,1.58,2.63,2.52,2.32,1.28,2.36,2.48
"Denmark",55.670249,10.3333283,1.12,-0.64,-1.02,-0.28,-0.61,-0.51,0.83,0.27,-0.14,-1.21,0.25,0.28,0.67,0.57,1.33,0.29,-0.02,0.14,-1.19,-0.44,0.3,0.0,1.06,0.38,-1.0,-0.44,-0.99,0.92,1.8,1.84,0.61,1.45,0.23,0.96,1.3,-0.76,0.65,0.86,1.33,1.71,1.03,1.64,0.7,1.02,1.27,1.34,2.13,1.85,1.32,-0.2,0.68,1.15,0.4,2.67,1.51,1.84,1.61,2.1,2.17,2.63,1.69,2.23,1.88
"Djibouti",11.8145966,42.8453061,0.15,-0.19,0.02,-0.26,-0.39,0.04,-0.43,-0.48,0.22,0.13,-0.19,0.18,0.63,-0.23,0.1,-0.07,0.17,0.19,0.11,0.71,-0.04,0.05,0.19,-0.22,-0.07,-0.18,0.08,0.44,-0.26,0.37,0.33,0.3,0.15,0.11,0.46,0.56,0.44,0.77,0.26,0.7,0.65,1.25,1.3,0.82,1.09,0.78,0.78,0.22,1.32,0.96,0.84,NULL,1.22,1.1,1.62,1.44,1.68,1.16,1.23,1.33,0.97,1.44,0.65
"Dominica",15.4113138,-61.3653618,0.06,-0.08,0.18,0.06,-0.44,0.16,-0.14,-0.25,0.31,0.21,-0.19,-0.08,0.31,-0.23,-0.26,-0.29,0.29,0.36,0.32,0.72,0.75,0.41,0.7,0.11,0.11,0.19,0.8,0.56,0.03,0.48,0.57,0.51,0.63,0.61,0.78,0.52,0.73,1.25,0.66,0.5,NULL,0.7,0.97,0.61,1.0,0.75,0.89,0.3,0.52,1.3,0.58,0.69,0.7,0.71,1.0,1.17,0.93,0.79,0.88,1.18,0.88,0.79,1.12
"Dominican Rep.",13.36179,103.86056,-0.06,-0.06,0.06,0.16,-0.33,0.02,-0.24,-0.26,0.36,0.1,-0.18,-0.03,0.43,-0.4,0.01,-0.29,0.3,0.09,0.3,0.74,0.61,0.46,0.7,0.28,0.11,0.23,0.74,0.57,0.22,0.65,0.59,0.2,0.34,0.71,0.71,0.62,0.84,1.23,0.89,0.55,0.67,0.93,1.05,0.64,0.88,0.94,1.05,0.56,0.82,1.01,0.71,0.71,1.1,1.13,1.3,1.11,1.01,1.07,1.46,1.64,0.95,0.9,1.54
"Ecuador",-1.3397668,-79.3666965,-0.19,-0.24,-0.09,-0.27,0.26,0.05,-0.43,-0.35,0.41,-0.18,-0.54,0.54,0.15,-0.28,-0.35,0.29,0.24,0.24,0.49,0.44,0.12,0.63,1.16,0.06,-0.07,0.22,1.14,0.39,0.03,0.55,0.54,0.87,0.56,0.41,0.75,0.05,1.3,1.28,0.23,0.29,0.49,0.76,0.8,0.81,0.77,0.77,0.76,0.65,0.92,0.91,0.77,0.71,0.56,0.95,1.39,1.48,1.08,0.92,1.36,1.34,0.78,0.58,1.56
"Egypt",26.2540493,29.2675469,-0.22,0.67,0.66,-0.38,-0.1,0.44,-0.69,-0.13,0.43,-0.09,-0.23,-0.03,-0.3,-0.12,-0.49,-0.31,-0.13,-0.29,0.56,-0.1,-0.26,-0.41,-1.12,-0.23,0.25,0.1,-0.35,0.18,-0.24,-0.12,0.38,-0.65,-0.01,0.58,0.12,0.33,-0.04,0.68,0.76,-0.02,0.62,0.77,0.66,0.58,0.44,0.63,0.51,0.83,0.83,2.24,0.54,0.85,0.97,1.17,1.12,1.31,0.52,1.99,0.94,1.02,1.64,0.57,2.01
"El Salvador",13.8000382,-88.9140683,-0.15,-0.32,-0.24,-0.1,-0.13,0.06,-0.46,-0.35,0.27,-0.03,-0.25,0.43,0.45,-0.26,0.11,-0.15,0.53,0.27,0.6,0.58,0.21,0.5,0.79,0.11,0.25,0.27,0.78,0.6,0.29,0.53,0.6,0.59,0.36,0.7,0.66,0.23,0.93,1.0,0.45,0.43,0.67,0.89,1.08,0.83,0.64,0.64,0.51,0.27,0.87,0.57,0.56,0.7,0.7,0.74,1.38,1.48,0.94,0.98,1.16,1.64,1.22,0.93,1.65
"Equatorial Guinea",1.613172,10.5170357,-0.14,-0.06,0.25,-0.15,-0.17,0.12,-0.09,-0.09,0.08,0.22,-0.14,-0.1,0.44,-0.19,-0.21,-0.37,0.14,-0.04,0.34,0.29,0.07,-0.12,0.13,0.2,-0.03,-0.09,0.38,0.29,-0.03,0.14,NULL,-0.23,0.07,0.29,0.93,0.48,NULL,1.01,0.53,0.36,0.36,0.62,0.9,0.77,0.78,0.65,0.82,0.69,0.82,1.09,0.77,0.73,0.78,0.94,0.88,1.5,1.28,0.83,1.37,1.28,1.01,0.98,1.01
"Eritrea",15.9500319,37.9999668,NULL,NULL,NULL,NULL,NULL,NULL,NULL,NULL,NULL,NULL,NULL,NULL,NULL,NULL,NULL,NULL,NULL,NULL,NULL,NULL,NULL,NULL,NULL,NULL,NULL,NULL,NULL,NULL,NULL,NULL,NULL,NULL,NULL,NULL,NULL,-0.03,0.17,0.31,0.65,0.4,0.35,0.98,0.61,0.96,0.7,0.82,0.19,0.99,1.67,1.53,1.38,1.36,1.07,0.75,1.59,0.9,1.24,0.93,0.54,NULL,0.96,0.09,NULL
"Estonia",58.7523778,25.3319078,NULL,NULL,NULL,NULL,NULL,NULL,NULL,NULL,NULL,NULL,NULL,NULL,NULL,NULL,NULL,NULL,NULL,NULL,NULL,NULL,NULL,NULL,NULL,NULL,NULL,NULL,NULL,NULL,NULL,NULL,NULL,1.6,0.56,0.36,1.74,-0.36,0.92,0.52,1.51,2.05,1.82,1.46,0.21,1.15,1.58,1.25,2.26,2.59,1.6,0.53,1.29,1.45,1.17,2.41,2.35,1.91,1.48,2.39,2.19,3.6,2.14,1.97,2.18
"Eswatini",-26.5624806,31.3991317,0.24,0.41,-0.23,-0.01,-0.27,0.25,-0.3,-0.46,0.29,0.45,-0.02,-0.41,0.1,-0.25,-0.37,-0.46,0.29,0.19,0.23,-0.14,-0.44,0.09,0.83,-0.12,0.43,0.18,0.43,0.49,0.01,0.18,0.43,1.07,0.68,-0.06,0.54,-0.12,0.17,0.88,0.38,-0.23,0.39,0.61,0.79,0.68,0.97,0.09,0.83,0.31,0.08,0.92,0.9,0.31,0.17,0.34,0.9,0.91,0.7,1.11,1.59,0.56,0.4,1.08,0.75
"Ethiopia",10.2116702,38.6521203,NULL,NULL,NULL,NULL,NULL,NULL,NULL,NULL,NULL,NULL,NULL,NULL,NULL,NULL,NULL,NULL,NULL,NULL,NULL,NULL,NULL,NULL,NULL,NULL,NULL,NULL,NULL,NULL,NULL,NULL,NULL,NULL,0.08,0.4,0.62,0.58,0.52,0.7,0.25,0.51,0.75,1.09,1.11,0.84,1.13,1.02,0.92,0.86,1.37,1.27,1.18,1.06,1.24,1.16,1.46,1.52,1.34,0.73,1.06,1.05,1.21,1.17,1.2
"Europe",51,10,0.88,0.3,0.1,-0.52,-0.43,0.72,0.17,0.04,-1.02,0.18,0.26,-0.16,0.16,0.01,0.83,-0.57,0.18,-0.18,0.13,-0.08,0.65,0.1,0.93,0.26,-0.62,0.24,-0.58,0.47,1.02,1.24,0.58,0.47,0.75,0.69,1.83,0.57,1.09,0.18,0.58,1.33,0.93,1.49,0.95,1.26,1.52,0.66,2.29,2.0,1.21,0.79,1.52,1.77,1.09,1.81,2.09,2.26,1.95,1.99,2.08,3.33,1.58,2.22,2.44
"Falkland Islands (Malvinas)",-51.9492937,-59.5383657,-0.35,0.4,-0.29,-0.08,0.18,-0.61,0.01,0.29,-0.35,0.2,-0.22,-0.51,0.22,0.21,0.13,-0.22,-0.09,0.23,0.64,0.19,0.19,NULL,NULL,NULL,NULL,NULL,NULL,NULL,NULL,NULL,NULL,NULL,NULL,NULL,NULL,NULL,NULL,NULL,NULL,NULL,NULL,NULL,NULL,NULL,NULL,NULL,NULL,NULL,NULL,NULL,NULL,NULL,NULL,NULL,NULL,NULL,NULL,NULL,NULL,NULL,NULL,NULL,NULL
"Faroe Islands",62.0282362,-6.8819254,0.64,-0.48,-0.05,0.48,-0.35,-0.39,-0.12,-0.25,-0.34,-0.51,0.25,0.67,-0.05,0.5,-0.02,0.51,-0.31,-0.12,-0.9,0.0,-0.41,0.16,-0.34,0.41,-0.21,-0.23,0.1,0.17,0.39,0.64,0.94,0.63,0.08,-0.03,-0.18,0.32,0.87,0.65,0.55,0.26,0.52,1.09,1.66,1.07,0.53,1.18,0.99,0.93,1.48,0.3,1.09,0.4,0.64,1.81,0.86,0.85,1.53,0.87,0.91,0.88,1.03,1.29,0.63
"Fiji",-18.1239696,179.0122737,0.27,-0.04,0.0,0.23,-0.59,-0.24,-0.25,-0.07,-0.1,0.08,0.09,-0.26,0.4,0.15,0.13,-0.08,-0.13,-0.03,0.09,0.12,0.09,0.04,-0.03,0.21,0.15,-0.32,-0.02,0.61,-0.02,0.06,-0.13,-0.12,-0.48,-0.3,0.22,0.27,0.01,0.63,0.4,0.55,0.56,0.55,0.44,0.36,0.5,0.47,0.83,0.37,0.12,0.7,0.69,0.4,0.76,0.61,0.57,1.01,1.07,0.65,0.85,1.03,0.86,1.08,0.77
"Finland",63.2467777,25.9209164,1.89,-0.33,-0.4,0.34,-0.26,-1.8,1.09,-1.63,-0.48,-0.63,-0.45,0.94,1.14,1.12,1.89,-0.88,-0.23,-0.52,-0.75,-0.38,-0.24,-0.15,0.97,0.76,-1.17,-0.18,-1.65,0.59,2.18,1.26,1.14,1.17,0.95,0.15,1.71,0.14,0.79,0.08,1.17,2.03,1.38,1.18,0.72,1.24,2.21,1.21,1.95,2.14,1.7,0.24,1.35,1.54,1.43,2.59,2.61,2.15,1.49,2.16,1.45,3.32,1.94,2.06,1.89
"France",46.603354,1.8883335,0.84,-0.3,-0.95,0.03,-0.62,0.43,0.5,-0.07,0.02,-0.1,-0.16,-0.33,0.05,-0.09,0.47,0.36,0.0,-0.23,-0.2,-0.23,0.08,0.79,0.7,-0.1,-0.35,-0.02,-0.01,0.76,1.26,1.57,0.24,0.64,0.31,1.53,1.32,0.18,1.23,0.94,1.2,1.17,1.39,1.06,1.8,0.97,1.02,1.31,1.41,0.99,1.21,0.39,1.53,1.21,0.71,2.04,1.59,1.76,1.76,2.01,1.97,2.49,1.28,2.88,2.59
"French Polynesia",-17.0243749,-144.6434898,0.21,-0.05,0.03,-0.16,-0.07,0.09,-0.26,-0.52,0.34,0.2,-0.32,0.13,0.32,-0.35,-0.26,-0.26,0.23,-0.1,0.09,0.21,0.12,0.31,0.17,0.38,0.12,0.24,0.46,0.4,0.22,0.39,0.41,0.45,0.26,0.64,0.64,0.21,0.37,0.68,0.5,0.37,0.53,0.83,0.74,0.57,0.71,0.88,0.88,0.38,0.84,0.83,0.3,0.8,0.62,0.67,0.73,1.17,0.93,0.66,0.88,0.85,0.78,0.35,1.0
"Gabon",-0.8999695,11.6899699,-0.14,-0.03,0.27,-0.13,-0.14,0.16,-0.11,-0.12,0.13,0.16,-0.06,-0.08,0.46,-0.09,-0.14,-0.34,0.17,0.05,0.37,0.28,-0.21,-0.39,0.13,0.16,-0.24,-0.13,0.26,0.24,-0.08,0.14,0.11,-0.21,0.14,0.2,0.6,0.12,0.38,1.12,0.56,0.3,0.25,0.62,0.84,0.82,0.72,0.79,0.91,0.79,0.8,1.08,0.65,0.63,0.79,0.88,1.0,1.48,1.31,1.1,1.43,1.27,0.94,0.85,1.24
"Gambia",13.470062,-15.4900464,-0.14,-0.04,0.15,-0.16,-0.43,-0.05,-0.35,-0.53,0.82,0.4,-0.05,0.32,0.69,-0.2,-0.15,-0.07,0.48,0.34,0.53,0.74,0.57,0.3,1.1,0.56,0.3,0.58,0.99,0.77,0.54,1.07,0.73,0.77,0.95,0.74,0.82,1.14,1.36,1.6,0.81,1.0,1.34,1.45,1.16,1.28,1.6,1.3,1.19,1.45,0.78,1.42,1.15,0.98,1.08,1.27,1.29,1.74,1.88,1.17,1.49,1.92,1.83,1.48,1.81
"Georgia",32.3293809,-83.1137366,NULL,NULL,NULL,NULL,NULL,NULL,NULL,NULL,NULL,NULL,NULL,NULL,NULL,NULL,NULL,NULL,NULL,NULL,NULL,NULL,NULL,NULL,NULL,NULL,NULL,NULL,NULL,NULL,NULL,NULL,NULL,-1.18,-1.24,0.42,0.72,0.16,0.31,1.25,1.22,0.96,1.28,1.05,-0.26,0.86,0.54,1.23,0.89,0.66,0.66,2.46,0.42,1.25,1.36,1.26,1.76,1.36,0.83,2.51,1.78,2.03,1.76,1.63,2.11
"Germany",51.1638175,10.4478313,0.99,-0.75,-1.09,-0.33,-0.81,0.41,0.87,0.21,-0.11,-0.83,0.03,-0.02,0.19,0.32,1.1,0.47,0.28,-0.17,-0.64,-0.19,0.3,0.44,1.07,-0.11,-0.8,0.0,-0.56,0.9,1.49,1.57,0.29,1.23,0.31,1.63,1.31,-0.7,0.56,1.16,1.37,1.77,1.29,1.49,1.26,1.0,1.03,1.26,2.1,1.55,1.29,0.2,1.13,1.35,0.59,2.52,1.67,1.98,1.65,2.39,2.32,2.51,1.32,2.59,2.44
"Ghana",8.0300284,-1.0800271,-0.11,-0.18,0.11,-0.2,-0.13,0.08,-0.18,-0.09,0.35,0.36,-0.11,0.08,0.61,0.04,-0.19,-0.32,0.33,0.09,0.59,0.48,0.22,0.22,0.73,0.72,0.4,0.35,1.05,0.73,0.34,0.62,0.49,0.22,0.56,0.63,0.79,0.74,0.58,1.24,0.64,0.5,0.64,0.94,1.13,0.87,1.1,1.12,1.07,0.83,1.01,1.39,0.99,0.73,0.99,0.99,1.22,1.38,1.47,1.24,1.4,1.4,1.64,1.14,1.52
"Gibraltar",36.1285933,-5.3474761,0.6,0.55,0.05,0.5,-0.06,0.25,-0.12,0.0,-0.35,-0.09,-0.85,-0.92,-0.19,-0.43,-0.2,-0.48,-0.16,0.19,0.37,0.29,0.34,0.46,0.36,-0.18,0.57,0.2,0.47,0.77,0.92,1.22,0.14,0.19,-0.1,0.76,1.32,0.74,1.46,1.1,0.68,0.8,1.23,0.8,1.35,1.0,0.82,1.4,0.79,0.96,1.24,1.31,1.66,0.96,0.89,1.46,1.41,1.77,2.06,0.78,1.34,1.96,1.51,2.24,2.6
"Greece",38.9953683,21.9877132,0.47,0.6,0.29,-0.32,-0.34,0.78,-0.21,0.18,-0.09,0.26,-0.23,-0.19,-0.35,-0.18,-0.25,-0.91,0.34,-0.55,0.18,-0.38,-0.19,-0.23,-0.48,-0.11,-0.05,0.32,-0.38,0.15,-0.19,0.37,-0.19,-0.52,-0.31,1.08,-0.02,-0.14,-0.17,0.66,0.83,0.7,1.35,0.49,0.44,0.39,0.24,0.29,1.1,0.88,0.76,1.57,0.39,1.22,1.31,1.04,0.87,1.55,0.6,1.85,1.31,1.24,1.59,1.01,1.84
"Greenland",77.6192349,-42.8125967,-0.4,0.93,0.48,0.31,0.87,-0.17,-0.42,-0.28,-0.08,-0.28,-0.84,-1.08,-0.89,0.42,-1.09,-0.35,1.0,-0.68,0.67,1.06,-0.29,-0.62,-2.42,-1.92,0.97,0.51,-0.18,0.56,-1.68,-0.46,-0.32,-1.36,-1.52,-0.58,-0.43,0.62,0.42,1.24,0.41,0.9,0.85,1.07,2.36,1.47,1.9,1.68,1.41,0.87,0.83,3.23,1.62,1.55,1.41,1.65,0.13,2.36,1.16,0.92,2.13,1.1,2.18,1.42,1.19
"Grenada",12.1360374,-61.6904045,0.5,-0.3,0.36,-0.25,-0.28,0.0,-0.25,-0.3,0.33,0.2,-0.52,-0.33,-0.06,-0.56,-0.55,-0.19,-0.11,-0.02,0.17,0.31,0.2,-0.18,0.19,-0.17,-0.75,-0.43,0.34,0.39,-0.24,0.16,0.32,0.31,0.37,0.33,0.61,0.33,0.49,1.16,0.55,0.52,0.67,0.5,0.86,0.33,1.15,0.64,0.56,0.42,0.36,1.15,0.62,0.47,0.82,0.66,0.82,0.77,1.17,0.57,1.09,1.29,0.84,0.6,1.16
"Guadeloupe",16.2528827,-61.5686855,0.06,-0.06,0.21,0.05,-0.38,0.14,-0.14,-0.25,0.31,0.21,-0.19,-0.07,0.31,-0.23,-0.26,-0.29,0.29,0.36,0.32,0.72,0.75,0.41,0.7,0.11,0.11,0.19,0.8,0.56,0.03,0.48,0.57,0.51,0.64,0.61,0.78,0.52,0.73,1.25,0.66,0.5,NULL,0.7,0.98,0.61,1.01,0.75,0.89,0.3,0.52,1.3,0.58,0.69,0.7,0.71,1.0,1.17,0.93,0.79,0.88,1.18,0.88,0.79,1.12
"Guatemala",15.5855545,-90.345759,-0.07,-0.16,-0.14,-0.08,-0.1,-0.1,-0.41,-0.37,0.39,-0.11,-0.11,0.48,0.51,-0.22,0.21,-0.32,0.31,0.24,0.46,0.57,0.11,0.56,0.73,0.17,0.23,0.17,0.42,0.54,0.23,0.39,0.69,0.52,0.43,0.68,0.7,0.2,0.79,0.97,0.66,0.42,0.46,0.69,1.1,0.75,0.89,0.68,0.66,0.2,0.73,0.69,0.45,0.56,0.66,0.63,1.17,1.46,1.09,0.89,1.39,1.68,1.4,0.94,1.59
"Guiana",4.8417097,-58.6416891,-0.16,-0.12,-0.11,-0.11,-0.19,0.12,-0.21,-0.24,0.4,0.18,-0.37,-0.07,0.14,-0.37,-0.3,-0.11,0.11,0.12,0.33,0.32,0.31,0.27,0.62,-0.12,-0.02,0.15,0.71,0.49,0.05,0.35,0.53,0.61,0.67,0.63,0.95,0.67,0.78,1.5,0.77,0.65,0.64,0.7,0.99,0.97,1.43,0.83,0.9,0.84,1.2,1.43,1.0,0.95,1.1,1.13,1.35,1.76,1.48,1.22,1.54,1.65,1.34,1.2,1.66
"Guinea",10.7226226,-10.7083587,-0.16,-0.16,0.13,-0.21,-0.13,-0.02,-0.24,-0.18,0.45,0.35,-0.12,0.22,0.59,-0.07,-0.23,-0.24,0.22,0.22,0.53,0.65,0.37,0.25,0.67,0.4,0.43,0.11,0.83,0.63,0.16,0.68,0.72,0.37,0.74,0.51,0.53,0.83,0.77,1.16,0.49,0.67,0.79,1.11,0.99,1.03,1.2,1.13,1.0,1.13,0.96,1.37,1.15,0.6,1.18,1.01,1.32,1.32,1.66,1.4,1.56,1.58,1.89,1.49,1.78
"Guinea-Bissau",11.815215,-15.2351044,-0.13,-0.07,0.16,-0.21,-0.36,-0.03,-0.26,-0.43,0.71,0.34,-0.06,0.27,0.58,-0.15,-0.19,-0.12,0.37,0.26,0.44,0.6,0.42,0.27,0.9,0.47,0.3,0.44,0.77,0.63,0.39,0.9,0.69,0.62,0.8,0.67,0.73,0.95,1.16,1.58,0.77,1.01,1.23,1.31,1.06,1.21,1.46,1.22,1.12,1.41,0.9,1.43,1.19,0.91,1.18,1.28,1.31,1.68,1.81,1.26,1.58,1.85,1.85,1.49,1.78
"Guyana",4.8417097,-58.6416891,0.09,-0.11,-0.04,0.36,-0.01,0.26,-0.11,-0.19,0.46,0.51,-0.51,-0.02,0.12,-0.47,-0.29,-0.47,0.03,-0.02,0.25,0.3,0.18,0.01,0.15,-0.73,-0.63,-0.29,0.25,0.17,-0.19,0.33,0.14,0.08,0.09,0.23,0.86,0.44,0.9,1.31,0.34,0.54,0.61,0.91,0.86,0.88,1.28,0.97,0.97,0.68,1.18,1.17,0.84,0.85,0.77,0.95,1.22,1.35,0.99,0.92,0.93,1.16,0.63,0.78,1.51
"Haiti",19.1399952,-72.3570972,-0.11,-0.08,-0.1,0.25,-0.26,0.14,-0.35,-0.37,0.02,-0.17,0.04,0.17,0.33,-0.29,0.34,-0.46,0.27,0.06,0.25,0.67,0.48,0.66,0.58,0.39,0.24,0.33,0.93,0.94,0.48,0.83,0.86,0.42,0.14,0.78,0.87,0.49,1.05,1.1,1.16,0.78,0.58,0.83,1.19,0.93,1.02,0.86,1.05,0.7,0.84,1.07,0.55,0.87,1.12,1.36,1.43,1.34,1.21,1.39,1.69,1.61,0.95,1.2,1.66
"Holy See",30.0341947,-95.8116685,0.72,0.09,-0.13,0.2,-0.42,0.26,0.16,0.04,-0.01,-0.16,-0.26,-0.19,0.01,-0.24,-0.18,-0.43,0.31,-0.6,0.09,-0.55,-0.48,0.55,0.2,-0.57,0.25,0.58,0.16,0.7,0.08,1.06,-0.1,0.41,0.36,1.36,0.1,0.29,0.78,0.88,0.74,1.15,1.47,0.69,1.48,0.46,0.4,0.59,1.32,0.98,1.01,0.75,1.02,1.46,0.84,1.37,1.54,1.62,1.37,1.94,1.65,1.69,1.52,2.01,2.18
"Honduras",15.2572432,-86.0755145,-0.12,-0.21,-0.26,-0.04,-0.08,0.01,-0.31,-0.34,0.22,-0.13,-0.1,0.34,0.57,-0.28,0.12,-0.18,0.42,0.3,0.47,0.51,0.19,0.6,0.66,0.15,0.17,0.16,0.5,0.67,0.32,0.37,0.59,0.58,0.32,0.85,1.0,0.22,0.96,1.19,0.47,0.22,0.44,0.83,0.81,0.62,1.03,0.69,0.81,0.61,0.86,0.84,0.7,0.68,0.93,0.77,1.22,1.48,1.1,0.88,1.29,1.79,1.23,0.95,1.73
"Hungary",47.1817585,19.5060937,1.17,-0.42,-0.46,-0.88,-0.88,0.76,0.6,0.39,-0.28,-0.51,-0.06,0.39,-0.03,0.27,0.87,-0.26,0.57,-0.86,0.06,-0.6,0.16,0.12,1.01,-0.13,-1.05,0.38,-0.52,0.41,0.89,1.1,-0.03,0.94,0.1,1.78,0.66,-0.31,-0.12,1.11,0.63,1.77,1.42,1.45,0.74,0.58,0.26,0.72,2.17,1.51,1.63,0.82,0.9,1.75,1.17,2.22,2.06,1.89,1.33,2.51,2.33,1.96,1.41,2.1,2.53
"Iceland",64.9841821,-18.1059013,0.55,-0.28,-0.1,1.08,-0.06,-0.41,-0.51,-0.56,-0.86,-0.61,0.02,0.73,-0.16,0.46,-0.5,0.28,-0.36,-0.05,-1.32,0.33,-0.99,-0.34,-0.93,0.14,0.09,-0.15,0.62,-0.16,-0.24,0.11,0.71,0.17,0.13,-0.21,-0.43,0.43,0.35,0.15,0.38,0.19,0.5,0.71,1.7,1.15,0.36,0.95,1.02,0.67,0.83,1.05,0.86,0.59,0.57,1.49,0.25,1.25,1.53,0.66,1.18,0.63,0.8,1.11,0.45
"India",22.3511148,78.6677428,-0.21,-0.53,-0.06,0.0,-0.05,0.31,-0.21,-0.22,0.32,0.06,-0.49,0.02,0.35,0.03,-0.3,0.01,0.16,-0.16,0.3,0.39,0.07,-0.02,-0.17,-0.15,0.18,0.16,0.56,0.48,-0.03,-0.1,0.18,0.02,0.21,0.1,0.22,0.32,-0.09,0.59,0.47,0.36,0.48,0.83,0.69,0.57,0.61,0.69,0.64,0.3,1.18,1.16,0.36,0.49,0.45,0.54,0.71,1.08,0.96,0.88,0.81,0.53,0.73,0.78,0.89
"Indonesia",-2.4833826,117.8902853,-0.07,0.01,-0.09,0.02,-0.19,0.04,-0.16,-0.02,0.17,0.13,-0.2,-0.1,0.24,-0.15,-0.15,-0.01,0.09,0.06,0.15,0.19,0.1,-0.03,0.36,-0.22,0.05,0.02,0.41,0.33,0.03,0.06,0.22,0.23,0.25,0.35,0.37,0.4,0.41,0.99,0.26,0.27,0.52,0.6,0.6,0.55,0.71,0.4,0.45,0.25,0.56,0.77,0.29,0.42,0.77,0.76,0.76,1.39,0.93,0.85,1.03,1.19,0.99,0.96,1.08
"Iran",32.6475314,54.5643516,-0.07,0.25,0.71,-0.7,-0.29,0.76,-0.24,-0.21,-0.31,1.0,0.12,-0.93,-0.17,-0.65,-0.19,-0.53,0.41,0.28,0.69,0.54,0.68,-0.12,-0.1,0.14,0.24,0.21,0.52,0.69,0.22,0.73,0.37,-0.78,-0.03,0.8,0.7,0.25,0.66,1.18,1.69,1.24,1.55,1.69,0.96,1.56,0.85,1.88,0.9,1.14,1.23,2.25,1.38,1.13,1.65,1.09,1.88,1.69,1.76,2.07,1.59,1.34,2.16,2.37,2.24
"Iraq",33.0955793,44.1749775,-0.19,0.89,0.44,-0.8,-0.12,0.98,-0.83,-0.26,0.26,0.67,-0.17,-0.73,-0.21,-0.42,-0.24,-0.79,0.29,0.13,1.23,0.03,0.27,-0.39,-0.78,0.07,0.08,0.44,0.41,0.14,0.22,0.4,0.63,-1.16,-0.46,1.01,0.36,0.81,0.29,1.27,1.9,0.99,1.27,1.15,0.94,1.07,0.52,1.62,0.94,1.16,0.88,2.68,0.84,1.27,1.26,1.16,1.92,1.65,1.56,2.39,1.62,1.85,2.66,2.17,2.06
"Ireland",52.865196,-7.9794599,0.27,-0.69,-0.77,0.16,-0.56,-0.04,-0.02,0.06,-0.29,0.04,0.32,-0.29,0.34,-0.23,0.68,0.54,-0.31,0.23,-0.71,-0.08,0.35,0.13,0.38,0.31,-0.46,-0.75,-0.16,0.23,1.03,0.8,0.18,0.43,0.04,0.26,1.18,-0.03,0.95,0.91,1.05,0.55,0.52,0.8,1.0,0.87,1.15,1.14,1.33,0.82,0.79,-0.13,0.54,0.68,0.57,1.37,0.45,1.03,1.25,0.77,1.18,1.05,0.99,1.73,1.61
"Isle of Man",54.1936805,-4.5591148,0.36,-0.75,-0.82,0.09,-0.59,-0.11,0.1,0.02,-0.3,0.03,0.3,-0.21,0.28,-0.22,0.68,0.64,-0.36,0.19,-0.8,-0.05,0.28,0.06,0.36,0.33,-0.51,-0.71,-0.25,0.25,1.09,0.89,0.16,0.45,-0.05,0.26,1.15,-0.13,0.91,0.91,1.1,0.62,0.5,0.88,1.03,0.93,1.15,1.21,1.3,0.81,0.85,-0.13,0.66,0.59,0.41,1.49,0.41,1.08,1.33,0.84,1.14,1.16,0.98,1.79,1.55
"Israel",31.3948001,34.6335832,-0.13,0.84,0.83,-0.63,-0.04,0.6,-0.9,-0.06,0.3,0.24,-0.31,-0.47,-0.45,-0.24,-0.39,-0.56,0.04,-0.05,0.64,-0.17,-0.19,-0.54,-1.04,-0.21,0.02,0.07,-0.26,0.06,-0.15,-0.14,0.37,-1.05,-0.38,0.79,-0.15,0.35,-0.12,0.89,0.9,0.3,0.93,0.81,0.64,0.62,0.27,0.66,0.59,0.8,0.9,2.4,0.65,1.11,1.19,0.95,1.43,1.73,0.88,2.14,1.34,1.61,1.96,1.28,2.08
"Italy",42.6384261,12.674297,0.81,0.05,-0.35,0.15,-0.42,0.31,0.3,0.02,-0.1,-0.16,-0.16,-0.15,0.02,-0.13,0.06,-0.32,0.28,-0.54,0.01,-0.43,-0.29,0.49,0.36,-0.47,0.11,0.43,0.18,0.81,0.39,1.1,0.0,0.49,0.49,1.48,0.4,0.22,0.92,0.93,0.88,1.2,1.5,0.88,1.49,0.71,0.53,0.83,1.53,1.13,1.21,0.73,1.22,1.51,0.97,1.62,1.7,1.71,1.61,1.84,1.7,1.89,1.58,2.16,2.27
"Jamaica",18.1850507,-77.3947693,-0.06,-0.02,-0.06,0.01,-0.17,0.06,-0.2,-0.14,0.22,-0.26,-0.39,0.29,0.37,0.14,0.25,-0.29,NULL,NULL,NULL,0.61,0.87,0.37,0.68,0.25,0.28,0.3,1.25,1.1,0.65,0.68,0.75,0.91,0.52,0.93,0.9,0.38,0.86,1.29,0.66,0.35,0.61,0.87,1.05,0.88,0.98,0.98,0.91,0.53,0.81,1.14,0.59,0.75,1.03,1.27,1.34,1.49,1.19,1.38,1.69,1.81,1.47,1.36,1.83
"Japan",36.5748441,139.2394179,0.67,0.13,-0.05,0.26,-0.53,0.01,0.03,-0.5,-0.05,-0.37,-0.33,0.23,0.33,-0.48,0.04,-0.51,-0.15,0.23,0.46,-0.21,-0.64,-0.05,0.1,-0.62,0.12,-0.7,0.32,-0.16,0.56,1.14,0.72,0.33,0.01,0.96,0.34,-0.13,0.45,1.19,0.94,0.62,0.41,0.62,0.31,1.11,0.72,0.37,0.99,0.66,0.79,0.91,0.59,0.38,0.61,0.54,0.82,1.31,0.78,0.91,1.25,1.42,1.25,1.32,1.85
"Jordan",31.1667049,36.941628,-0.19,1.0,0.79,-0.65,-0.01,0.74,-1.02,-0.09,0.43,0.24,-0.37,-0.59,-0.48,-0.28,-0.51,-0.72,0.04,0.08,0.8,-0.1,-0.15,-0.69,-1.08,-0.25,-0.02,0.08,-0.12,0.03,-0.07,-0.04,0.46,-1.17,-0.57,0.89,-0.04,0.49,-0.17,1.03,1.05,0.39,1.01,0.7,0.53,0.65,0.19,0.79,0.57,0.79,0.62,2.66,0.58,1.16,1.12,0.91,1.56,1.78,1.08,2.12,1.43,1.77,2.08,1.51,2.01
"Kazakhstan",48.1012954,66.7780818,NULL,NULL,NULL,NULL,NULL,NULL,NULL,NULL,NULL,NULL,NULL,NULL,NULL,NULL,NULL,NULL,NULL,NULL,NULL,NULL,NULL,NULL,NULL,NULL,NULL,NULL,NULL,NULL,NULL,NULL,NULL,0.29,-0.37,-0.04,2.04,-0.4,1.89,0.49,1.37,1.5,1.66,2.26,0.1,2.16,1.56,1.42,2.17,1.52,1.15,1.28,0.71,1.12,1.58,0.65,1.57,2.2,1.72,0.61,1.45,2.8,1.41,2.67,2.58
"Kenya",1.4419683,38.4313975,0.28,-0.24,-0.2,-0.45,-0.31,0.09,-0.03,-0.63,0.09,0.2,-0.24,0.18,0.5,-0.1,-0.09,0.17,0.17,-0.02,0.07,0.59,0.18,0.27,0.6,0.19,0.0,0.19,0.79,0.65,-0.13,-0.03,0.26,0.41,0.04,0.48,0.36,0.36,0.4,0.23,0.22,0.48,0.54,0.67,0.8,0.58,0.78,0.82,0.51,0.71,1.28,1.07,1.03,0.93,0.84,0.92,1.07,1.15,1.41,0.52,1.48,1.19,1.28,1.16,1.4
"Kiribati",0.3448612,173.6641773,-0.04,-0.13,-0.07,-0.18,-0.35,-0.01,-0.04,-0.01,0.36,0.11,-0.43,-0.28,0.15,-0.14,-0.23,-0.23,0.13,0.24,0.16,0.21,0.25,0.18,0.13,-0.14,0.06,0.34,0.13,0.1,-0.18,0.25,0.24,0.15,-0.16,0.12,0.45,0.32,0.12,0.53,-0.09,0.17,0.46,0.56,0.64,NULL,NULL,0.62,0.6,0.3,0.65,0.36,0.38,0.48,0.68,0.82,0.95,1.28,1.09,1.0,1.0,1.47,NULL,NULL,NULL
"Korea",36.638392,127.6961188,0.5,-0.05,-0.11,0.24,-0.21,-0.06,0.17,-0.47,-0.46,-0.38,-0.28,-0.16,0.62,-0.46,0.94,-0.32,0.18,0.69,0.64,0.0,-0.6,0.91,0.59,-0.16,0.14,-0.7,0.23,0.55,1.22,1.31,0.58,0.75,0.55,1.34,0.68,0.26,0.97,1.75,1.35,0.57,0.83,0.82,0.91,1.57,0.83,0.68,1.6,1.52,1.07,0.38,0.5,0.41,0.29,1.58,1.28,1.5,1.67,0.94,1.89,1.89,1.87,1.58,2.03
"Kuwait",29.2733964,47.4979476,-0.29,0.78,0.46,-0.79,0.06,0.81,-0.65,-0.28,0.4,0.52,-0.15,-0.75,-0.22,-0.35,-0.25,-0.66,0.34,0.01,1.27,0.45,0.4,-0.16,-0.64,0.26,0.01,0.47,0.72,0.44,0.13,0.38,0.48,-0.58,-0.13,0.92,0.16,0.87,0.48,1.29,2.01,1.24,1.23,1.56,1.52,1.46,0.65,1.81,1.0,1.37,1.25,2.52,1.28,1.48,1.34,1.43,2.08,1.66,1.92,2.3,1.83,1.91,2.61,2.2,2.0
"Kyrgyz Rep.",13.36179,103.86056,NULL,NULL,NULL,NULL,NULL,NULL,NULL,NULL,NULL,NULL,NULL,NULL,NULL,NULL,NULL,NULL,NULL,NULL,NULL,NULL,NULL,NULL,NULL,NULL,NULL,NULL,NULL,NULL,NULL,NULL,NULL,0.07,-0.09,0.29,0.47,-0.42,1.43,0.79,1.06,1.07,1.46,1.43,0.45,1.51,1.17,1.62,1.67,0.97,0.96,1.33,1.19,0.25,1.34,0.46,1.41,1.81,1.38,1.16,1.6,1.28,1.3,2.49,1.96
"Lao People's Dem. Rep.",13.36179,103.86056,0.06,-0.25,-0.41,-0.09,-0.19,0.45,-0.1,-0.14,0.49,-0.07,-0.54,-0.03,0.47,-0.42,0.25,-0.51,-0.01,0.16,0.48,0.47,0.44,0.18,0.27,0.08,0.27,0.03,0.94,0.32,0.23,0.42,0.69,0.21,0.3,0.42,0.64,0.15,0.34,1.42,0.65,0.02,0.71,0.61,0.98,0.41,0.89,0.86,0.57,0.26,0.63,1.35,0.1,0.94,1.12,0.69,1.28,1.31,1.09,0.79,2.01,1.55,1.08,0.9,1.49
"Latvia",56.8406494,24.7537645,NULL,NULL,NULL,NULL,NULL,NULL,NULL,NULL,NULL,NULL,NULL,NULL,NULL,NULL,NULL,NULL,NULL,NULL,NULL,NULL,NULL,NULL,NULL,NULL,NULL,NULL,NULL,NULL,NULL,NULL,NULL,1.58,0.4,0.69,1.62,-0.42,0.76,0.65,1.55,2.01,1.81,1.71,0.24,1.02,1.35,1.09,2.21,2.4,1.51,0.68,1.14,1.39,1.06,2.3,2.14,1.93,1.49,2.34,2.44,3.53,1.97,1.95,2.33
"Lebanon",33.8750629,35.843409,-0.04,0.82,0.76,-0.71,-0.09,0.68,-0.91,-0.05,0.27,0.43,-0.26,-0.62,-0.5,-0.21,-0.24,-0.65,0.11,0.04,0.72,-0.2,0.03,-0.49,-0.95,-0.08,-0.01,0.24,-0.22,0.03,0.14,0.06,0.4,-1.02,-0.43,1.07,0.09,0.44,-0.06,1.04,1.14,0.59,1.19,0.88,0.69,0.71,0.36,0.78,0.78,1.04,0.89,2.39,0.68,1.04,1.26,1.05,1.43,1.72,1.13,2.24,1.49,1.73,2.16,1.41,2.07
"Lesotho",-29.6039267,28.3350193,0.32,0.22,-0.03,-0.06,-0.13,0.19,-0.15,-0.42,0.45,0.4,-0.06,-0.14,0.09,-0.15,-0.19,-0.47,0.26,0.1,0.31,0.18,-0.31,0.27,1.0,0.34,0.78,0.48,0.58,0.46,-0.01,0.34,0.5,0.94,0.98,0.06,0.68,-0.27,0.19,0.89,1.2,0.31,0.57,0.57,0.94,1.07,1.06,0.48,0.61,0.36,0.35,1.09,0.24,0.56,0.55,0.53,1.07,1.67,0.77,0.65,1.54,0.59,0.78,0.86,0.73
"Liberia",5.7499721,-9.3658524,-0.14,-0.13,0.1,-0.18,-0.28,0.04,-0.11,0.01,0.24,0.31,-0.12,0.03,0.5,0.01,-0.12,-0.23,0.23,0.24,0.54,0.4,0.16,0.23,0.5,0.35,0.28,0.16,0.94,0.82,0.33,0.56,0.57,0.29,0.56,0.52,0.63,0.56,1.0,1.33,0.79,0.57,0.47,0.81,0.91,0.9,1.1,1.12,1.05,1.15,1.34,1.42,1.09,0.87,0.98,0.93,1.29,1.47,1.47,1.28,1.39,1.52,1.44,1.49,1.45
"Libya",26.8234472,18.1236723,-0.42,0.21,0.26,-0.1,-0.1,0.27,-0.57,-0.02,0.79,-0.23,-0.18,0.18,-0.08,-0.07,-0.47,-0.5,0.34,-0.22,0.19,-0.06,0.03,0.05,-0.36,-0.13,0.03,0.19,-0.09,0.9,-0.02,0.54,0.27,-0.38,0.36,0.52,0.42,0.65,0.54,0.77,1.22,0.26,1.29,0.92,0.96,0.78,0.77,0.86,0.84,0.86,0.75,2.06,0.85,0.83,1.27,1.28,0.74,1.67,0.37,1.77,0.88,1.04,1.87,0.55,1.47
"Liechtenstein",47.1416307,9.5531527,1.05,-0.48,-0.77,0.06,-0.83,0.42,0.56,0.02,-0.01,-0.55,-0.07,0.08,-0.02,0.18,0.69,0.3,0.28,-0.35,-0.08,-0.16,0.05,0.56,0.95,-0.36,-0.32,0.39,-0.03,0.94,1.1,1.32,0.2,1.11,0.66,1.95,0.93,-0.01,0.97,1.23,0.99,1.48,1.46,1.4,1.7,0.92,0.69,0.98,1.96,1.43,1.44,0.51,1.69,1.65,0.97,2.28,2.1,2.08,1.85,2.31,2.13,2.42,1.3,2.65,2.58
"Lithuania",55.3500003,23.7499997,NULL,NULL,NULL,NULL,NULL,NULL,NULL,NULL,NULL,NULL,NULL,NULL,NULL,NULL,NULL,NULL,NULL,NULL,NULL,NULL,NULL,NULL,NULL,NULL,NULL,NULL,NULL,NULL,NULL,NULL,NULL,1.48,0.29,0.94,1.51,-0.53,0.52,0.73,1.47,2.01,1.79,1.9,0.17,0.87,1.2,0.92,2.19,2.21,1.38,0.73,0.94,1.34,0.94,2.21,2.07,1.93,1.53,2.41,2.62,3.43,1.78,1.95,2.49
"Luxembourg",49.8158683,6.1296751,NULL,NULL,NULL,NULL,NULL,NULL,NULL,NULL,NULL,NULL,NULL,NULL,NULL,NULL,NULL,NULL,NULL,NULL,NULL,NULL,NULL,NULL,NULL,NULL,NULL,NULL,NULL,NULL,NULL,NULL,NULL,NULL,NULL,NULL,NULL,NULL,NULL,NULL,NULL,1.64,1.43,1.38,1.69,1.01,1.13,1.36,1.94,1.28,1.18,0.32,1.34,1.26,0.57,2.46,1.51,1.86,1.62,2.44,2.12,2.6,1.13,2.89,2.56
"Madagascar",-18.9249604,46.4416422,0.52,-0.11,-0.31,-0.4,-0.6,-0.09,0.29,-0.42,0.41,0.25,-0.22,-0.06,0.2,-0.24,-0.19,0.06,0.41,0.55,0.31,0.37,0.15,0.33,0.45,-0.07,0.11,-0.01,0.52,0.57,0.03,0.09,0.39,0.37,0.33,0.28,0.24,0.05,0.55,0.74,0.37,0.42,0.55,0.49,0.53,0.33,0.46,0.63,0.54,0.38,0.74,1.03,0.98,0.77,0.63,0.65,1.0,0.92,1.24,0.93,1.33,1.06,1.13,0.81,1.28
"Malawi",-13.2687204,33.9301963,0.34,-0.14,-0.39,-0.27,-0.52,0.17,0.1,-0.25,0.3,0.18,-0.22,0.09,0.38,-0.25,-0.08,-0.02,0.55,0.32,0.14,0.28,-0.13,0.05,0.93,0.32,0.05,0.27,0.64,0.78,0.23,0.67,0.18,0.57,-0.01,0.18,0.78,0.55,0.66,1.0,0.22,0.77,0.64,0.81,0.94,0.66,1.38,1.03,1.06,0.52,0.65,1.09,0.8,0.9,0.78,1.07,1.04,1.33,1.34,1.27,1.43,1.57,0.89,0.85,1.2
"Malaysia",4.5693754,102.2656823,-0.07,-0.11,-0.12,0.03,-0.22,0.14,-0.12,-0.08,0.25,0.14,-0.22,0.06,0.28,-0.19,0.02,-0.23,0.1,0.21,0.3,0.22,0.19,0.19,0.6,-0.08,0.1,0.11,0.43,0.37,0.03,0.42,0.37,0.32,0.16,0.31,0.41,0.34,0.54,1.12,0.34,0.31,0.47,0.63,0.66,0.57,0.76,0.5,0.54,0.4,0.65,0.88,0.52,0.7,0.88,0.89,1.05,1.48,1.02,1.03,1.32,1.28,1.11,1.01,1.14
"Maldives",3.7203503,73.2244152,NULL,-0.07,NULL,NULL,NULL,0.41,-0.15,-0.24,0.23,NULL,NULL,0.18,0.54,-0.18,-0.35,0.01,-0.02,-0.17,0.08,0.18,0.14,0.33,0.49,0.22,0.07,0.24,0.54,0.8,0.01,0.56,0.6,0.2,0.27,0.47,0.75,0.47,0.62,1.0,0.38,0.34,0.56,0.72,0.62,0.49,0.94,0.49,0.54,0.31,0.66,0.8,0.64,0.63,0.69,0.77,0.9,0.93,0.79,0.73,0.99,1.0,0.92,0.56,0.84
"Mali",16.3700359,-2.2900239,-0.33,-0.19,0.17,-0.17,-0.31,0.01,-0.11,-0.27,0.69,0.41,0.04,0.33,0.56,-0.39,-0.43,-0.33,0.4,0.4,0.68,1.01,0.43,0.29,0.86,0.64,0.56,0.35,1.12,0.81,0.13,0.93,0.73,0.24,1.04,0.24,0.63,1.2,0.9,1.21,0.36,0.66,0.6,1.27,1.27,1.23,1.43,1.13,0.98,0.59,1.03,1.7,1.27,0.44,1.01,0.89,1.15,1.22,1.48,1.18,1.21,1.2,1.87,1.05,1.72
"Malta",35.8885993,14.4476911,0.56,0.39,-0.16,0.3,-0.21,0.15,0.14,0.0,-0.09,-0.1,-0.24,-0.26,0.02,-0.23,-0.37,-0.69,0.33,-0.58,0.06,-0.49,-0.37,0.59,0.01,-0.29,0.41,0.38,0.51,1.17,0.18,1.2,0.11,0.23,0.59,1.38,0.42,0.59,1.01,0.83,1.25,1.03,1.65,0.91,1.31,0.59,0.61,0.93,1.34,1.18,0.92,1.05,0.83,1.32,1.27,1.45,1.49,1.71,1.15,1.33,1.14,1.47,1.93,1.74,2.07
"Marshall Islands",8.230817,167.7953224,NULL,NULL,NULL,NULL,NULL,NULL,NULL,NULL,NULL,NULL,NULL,NULL,NULL,NULL,NULL,NULL,NULL,NULL,NULL,NULL,NULL,NULL,NULL,NULL,NULL,NULL,NULL,NULL,NULL,NULL,0.0,0.11,-0.07,0.16,-0.04,0.05,-0.03,-0.05,-0.33,-0.21,0.11,0.27,0.24,0.38,0.34,0.27,0.28,0.03,0.23,0.4,0.21,0.6,0.6,0.62,0.52,0.91,0.63,0.41,0.62,0.73,0.44,0.06,0.51
"Martinique",14.6113732,-60.9620777,0.1,-0.04,0.19,0.05,-0.41,0.09,-0.16,-0.29,0.3,0.17,-0.24,-0.11,0.25,-0.25,-0.32,-0.33,0.22,0.33,0.25,0.69,0.64,0.34,0.61,0.06,0.03,0.13,0.74,0.5,0.05,0.43,0.51,0.43,0.56,0.52,0.71,0.51,0.66,1.23,0.64,0.48,0.59,0.74,0.97,0.65,1.05,0.79,0.86,0.31,0.52,1.27,0.6,0.66,0.73,0.66,0.99,1.19,0.92,0.73,0.92,1.16,0.88,0.76,1.1
"Mauritania",20.2540382,-9.2399263,0.0,0.18,0.14,0.09,-0.5,0.15,-0.22,-0.46,0.59,0.67,-0.38,-0.12,0.43,-0.74,-0.37,-0.63,0.55,0.46,0.87,0.81,0.73,0.39,1.44,0.41,0.43,0.14,1.37,0.72,0.54,1.26,0.65,0.67,0.76,0.5,1.03,1.42,1.16,1.61,0.39,1.02,1.18,1.17,1.18,1.31,1.23,1.29,0.89,1.17,0.78,1.85,1.5,0.8,1.34,1.22,1.29,1.62,2.05,1.05,1.4,1.86,1.8,1.67,2.03
"Mauritius",-20.2759451,57.5703566,0.43,-0.03,-0.09,-0.19,-0.11,0.08,0.21,-0.21,0.3,0.3,-0.4,0.05,-0.14,-0.74,-0.16,-0.05,0.45,0.26,0.28,0.32,0.12,0.22,0.15,-0.5,-0.24,-0.01,0.48,0.28,-0.1,0.05,0.33,-0.01,0.01,0.4,0.28,0.0,0.55,0.79,0.15,0.12,0.46,0.36,0.65,0.27,0.45,0.34,0.44,0.07,0.69,0.97,0.72,0.58,0.81,0.85,1.18,1.16,1.35,0.97,1.43,1.28,1.17,0.82,1.69
"Mayotte",-12.823048,45.1520755,0.45,0.04,-0.17,-0.13,-0.49,0.12,0.19,-0.45,0.16,0.18,-0.8,-0.25,0.2,-0.49,-0.04,NULL,NULL,0.28,0.21,0.34,0.2,0.52,0.28,-0.47,-0.16,0.02,0.41,0.4,-0.26,0.12,0.26,0.14,0.26,0.56,0.39,0.03,0.43,0.91,0.34,0.11,0.27,0.71,0.39,0.28,0.41,0.2,0.61,0.32,0.56,0.8,0.55,0.48,0.27,0.45,0.68,0.6,0.89,0.67,1.23,0.98,0.57,0.42,1.1
"Mexico",23.6585116,-102.0077097,-0.15,0.18,0.23,-0.29,-0.07,-0.25,-0.11,-0.42,0.18,-0.3,-0.06,0.31,-0.15,-0.07,-0.32,-0.48,0.02,0.19,-0.05,0.39,0.16,0.57,0.01,-0.12,0.08,0.26,-0.17,0.13,0.44,0.22,0.22,0.04,0.28,0.65,0.74,0.48,0.4,0.65,0.55,0.54,0.48,0.65,0.81,0.31,0.74,0.87,0.45,0.5,0.99,0.23,0.94,0.85,0.68,0.79,1.03,1.23,1.5,1.12,1.26,1.62,1.06,1.14,1.68
"Micronesia",8.6062347,151.8327443,NULL,NULL,NULL,NULL,NULL,NULL,NULL,NULL,NULL,NULL,NULL,NULL,NULL,NULL,NULL,NULL,NULL,NULL,NULL,NULL,NULL,NULL,NULL,NULL,NULL,NULL,NULL,NULL,NULL,NULL,-0.01,0.12,-0.14,0.08,0.02,0.03,0.03,0.29,-0.17,-0.06,0.2,0.07,0.12,0.2,0.17,0.27,0.19,0.06,0.28,0.48,0.35,0.69,0.77,0.51,0.54,0.92,0.93,0.79,0.67,0.73,0.47,0.39,0.73
"Moldova",47.2879608,28.5670941,NULL,NULL,NULL,NULL,NULL,NULL,NULL,NULL,NULL,NULL,NULL,NULL,NULL,NULL,NULL,NULL,NULL,NULL,NULL,NULL,NULL,NULL,NULL,NULL,NULL,NULL,NULL,NULL,NULL,NULL,NULL,0.39,-0.75,1.56,0.54,-0.75,-0.52,0.72,0.83,1.4,1.61,1.35,-0.28,0.65,0.81,0.23,2.32,1.47,1.68,1.2,0.32,1.91,1.17,1.26,1.82,1.89,1.21,1.88,2.2,2.85,1.15,1.96,2.9
"Monaco",43.7323492,7.4276832,0.77,-0.01,-0.6,0.44,-0.44,0.22,0.44,0.01,-0.24,-0.04,-0.03,-0.16,0.23,-0.13,0.15,0.0,-0.05,-0.42,-0.02,-0.35,-0.08,0.54,0.49,-0.61,-0.12,0.42,0.18,0.74,0.88,1.25,0.07,0.65,0.49,1.33,0.69,0.21,1.32,0.94,0.93,1.12,1.39,0.93,1.67,0.88,0.81,1.17,1.63,1.08,1.45,0.44,1.35,1.38,0.7,1.79,1.89,1.77,1.97,1.95,1.94,2.23,1.54,2.78,2.43
"Mongolia",46.8250388,103.8499736,0.13,-0.13,1.19,-0.18,0.85,0.38,-0.44,-0.79,-0.85,-0.29,-0.03,0.25,0.7,0.21,0.51,-0.18,0.09,0.93,0.98,0.52,0.26,1.18,0.66,-0.3,-0.39,0.41,0.22,0.68,1.38,1.57,1.12,0.86,0.51,1.35,1.28,0.43,1.97,2.15,1.8,1.01,1.71,1.81,0.53,1.8,0.96,1.25,2.76,1.8,1.44,0.35,0.8,0.28,1.06,1.91,2.16,1.43,2.53,2.24,1.87,2.38,2.03,2.24,2.22
"Montenegro",42.9868853,19.5180992,NULL,NULL,NULL,NULL,NULL,NULL,NULL,NULL,NULL,NULL,NULL,NULL,NULL,NULL,NULL,NULL,NULL,NULL,NULL,NULL,NULL,NULL,NULL,NULL,NULL,NULL,NULL,NULL,NULL,NULL,NULL,NULL,NULL,NULL,NULL,NULL,NULL,NULL,NULL,NULL,NULL,NULL,NULL,NULL,NULL,0.54,1.78,1.35,1.31,1.27,1.07,1.73,1.53,1.61,1.81,1.56,1.35,2.3,1.89,1.77,1.65,1.89,2.43
"Montserrat",16.7417041,-62.1916844,0.07,-0.08,0.18,0.06,-0.44,0.16,-0.14,-0.26,0.31,0.21,-0.19,-0.07,0.31,-0.23,-0.25,-0.28,0.29,0.36,0.32,0.73,0.75,0.41,0.7,0.11,0.11,0.19,0.8,0.56,0.03,0.48,0.58,0.51,0.64,0.61,0.78,0.52,0.73,1.25,0.66,0.5,NULL,0.7,0.98,0.61,1.01,0.75,0.89,0.3,0.52,1.29,0.58,0.68,0.7,0.71,1.0,1.17,0.93,0.79,0.88,1.18,0.88,0.79,1.12
"Morocco",31.1728205,-7.3362482,0.65,0.55,0.1,0.54,-0.26,0.48,-0.01,-0.16,-0.04,0.04,-0.87,-1.35,0.03,-0.47,-0.26,-0.85,0.06,0.35,0.48,0.6,0.5,0.51,0.8,0.28,0.87,0.27,1.1,1.02,0.73,1.46,0.19,0.26,0.28,1.13,1.29,1.05,1.38,1.63,1.06,1.05,1.9,1.26,1.71,1.13,1.28,1.47,1.01,1.16,1.26,2.13,1.79,1.39,1.31,1.66,1.22,1.88,2.16,0.63,1.52,2.15,1.82,2.3,2.56
"Mozambique",-19.302233,34.9144977,0.43,0.05,-0.39,-0.15,-0.55,0.17,0.14,-0.34,0.32,0.23,-0.06,-0.19,0.27,-0.28,-0.14,-0.12,0.49,0.37,0.1,0.08,-0.21,-0.07,0.8,0.16,-0.09,0.03,0.53,0.51,0.02,0.26,0.03,0.6,0.21,0.04,0.5,0.05,0.2,0.89,0.25,0.36,0.47,0.59,0.57,0.37,0.99,0.49,0.61,0.25,0.44,0.88,0.64,0.57,0.29,0.55,0.8,1.03,0.78,0.7,1.11,0.89,0.54,0.66,0.96
"Myanmar",17.1750495,95.9999652,-0.04,-0.13,-0.18,0.03,-0.32,0.38,-0.07,-0.17,0.18,-0.05,-0.43,-0.02,0.25,-0.26,0.12,-0.38,-0.07,0.08,0.51,0.29,0.28,0.05,0.14,0.08,0.17,0.08,0.54,0.38,0.32,0.21,0.49,0.03,0.1,0.47,0.61,0.41,0.22,1.16,0.86,0.19,0.62,0.66,0.65,0.6,0.9,0.78,0.46,0.45,0.87,1.17,0.49,0.89,0.95,0.84,1.16,1.44,1.34,1.09,1.65,1.55,1.55,1.32,1.72
"Namibia",-23.2335499,17.3231107,0.15,-0.07,0.06,-0.09,-0.1,0.1,-0.15,-0.17,0.22,0.48,-0.1,0.09,0.63,-0.72,0.01,-0.56,0.19,-0.07,0.37,0.16,-0.01,0.33,0.65,0.73,0.46,0.26,0.96,0.39,-0.38,0.64,0.09,0.53,0.65,0.19,0.89,0.1,-0.03,1.2,0.77,-0.11,0.37,0.88,1.24,0.94,0.79,-0.07,0.85,0.77,0.56,1.33,-0.36,0.01,0.88,0.54,1.16,1.44,0.95,1.39,2.27,0.84,0.13,0.36,0.95
"Nauru",-0.5252306,166.9324426,-0.26,NULL,NULL,NULL,NULL,-0.36,NULL,NULL,NULL,NULL,-0.11,-0.43,0.4,0.3,0.17,-0.32,-0.58,0.27,0.26,0.02,0.16,-0.42,NULL,-0.31,-0.24,NULL,NULL,NULL,0.0,-0.38,-0.21,-0.63,NULL,NULL,NULL,NULL,NULL,NULL,NULL,NULL,NULL,NULL,NULL,NULL,NULL,NULL,NULL,NULL,NULL,NULL,NULL,NULL,NULL,NULL,NULL,NULL,NULL,NULL,NULL,NULL,NULL,NULL,NULL
"Nepal",28.3780464,83.9999901,0.13,-0.46,-0.21,0.15,-0.37,0.29,-0.26,-0.39,0.08,0.07,-0.54,0.03,0.21,0.19,-0.03,0.03,0.01,-0.39,0.33,0.16,-0.04,-0.1,-0.35,-0.01,0.39,-0.03,0.38,0.59,0.09,-0.02,0.12,-0.02,-0.12,0.21,0.37,0.27,-0.36,0.37,0.66,0.11,0.47,0.57,0.33,0.39,0.73,0.85,0.72,0.38,1.18,1.2,0.28,0.47,0.23,0.4,0.67,1.2,1.13,0.63,0.7,0.06,0.43,0.96,1.26
"Netherlands",52.2434979,5.6343227,0.85,-0.91,-1.27,-0.34,-0.73,0.27,0.76,0.16,-0.01,-0.59,0.05,-0.12,0.29,0.23,1.04,0.71,0.16,-0.07,-0.91,0.01,0.34,0.47,0.87,0.06,-0.85,-0.2,-0.5,0.8,1.54,1.57,0.27,1.19,0.25,1.37,1.55,-0.78,0.62,1.07,1.58,1.6,1.27,1.53,1.21,1.17,1.26,1.52,2.09,1.44,1.22,0.11,1.08,1.16,0.44,2.56,1.29,1.93,1.72,2.13,2.14,2.48,1.31,2.59,2.33
"New Caledonia",-21.3019905,165.4880773,-0.22,0.11,-0.18,0.2,-0.77,-0.6,0.07,-0.38,-0.11,0.51,0.18,-0.15,0.86,0.34,0.27,0.17,0.01,0.14,0.06,0.27,0.19,0.05,0.55,0.19,0.37,0.23,-0.07,0.92,0.35,0.64,0.22,0.34,0.12,0.05,0.9,1.1,0.42,1.89,1.12,0.62,0.92,0.93,0.71,0.84,0.7,0.62,1.01,0.98,0.76,1.12,0.94,0.79,0.94,0.93,1.13,1.75,1.5,1.12,1.04,1.51,1.43,2.16,1.1
"New Zealand",-41.5000831,172.8344077,-0.26,0.61,-0.33,-0.43,-0.43,-0.21,-0.17,-0.07,-0.39,0.59,0.67,0.1,0.18,0.35,0.58,-0.52,-0.4,0.38,0.3,-0.01,0.42,-0.08,-0.31,0.16,0.39,0.37,0.4,0.5,0.75,0.59,-0.02,-0.71,-0.37,-0.06,0.13,0.27,-0.1,1.0,1.04,0.29,0.6,0.44,0.26,0.05,0.46,0.4,0.25,0.58,0.08,0.63,0.72,0.18,1.04,0.57,0.59,1.24,0.64,1.16,1.12,0.92,0.99,1.34,1.13
"Nicaragua",12.6090157,-85.2936911,-0.11,-0.39,-0.21,-0.17,0.0,0.2,-0.34,-0.32,0.2,-0.24,-0.27,0.16,0.42,-0.27,0.07,-0.04,0.34,0.3,0.29,0.63,0.26,0.66,0.84,0.1,0.15,0.21,0.59,0.64,0.31,0.5,0.64,0.64,0.48,0.85,1.07,0.26,0.95,1.27,0.33,0.26,0.63,0.91,0.87,0.71,0.83,0.8,0.93,0.66,0.92,0.94,0.71,0.78,1.24,0.92,1.18,1.48,1.14,1.05,1.31,1.68,1.16,1.01,1.73
"Niger",17.7356214,9.3238432,-0.7,-0.2,0.36,-0.34,-0.08,-0.07,-0.33,0.1,0.76,0.08,-0.05,0.38,0.45,0.01,-0.4,0.3,-0.34,0.21,0.73,0.54,0.06,0.39,0.07,0.65,0.33,0.77,0.7,0.62,-0.34,0.53,0.91,-0.24,0.45,0.25,0.51,1.14,0.79,0.77,0.61,0.8,0.3,0.66,0.91,0.65,1.27,1.28,1.0,0.46,1.49,1.72,1.13,0.78,1.01,1.2,1.01,1.16,1.02,1.21,1.11,0.95,1.62,0.6,1.67
"Nigeria",9.6000359,7.9999721,-0.24,-0.27,0.25,-0.29,-0.07,-0.1,-0.32,-0.03,0.4,0.23,-0.04,0.05,0.74,0.04,-0.27,0.08,0.3,0.03,0.57,0.42,0.21,0.39,0.28,0.83,0.43,0.58,0.85,0.54,-0.36,0.62,0.66,-0.07,0.5,0.43,0.39,0.75,0.7,1.08,0.81,0.6,0.3,0.83,0.89,0.79,1.24,1.28,0.92,0.7,1.39,1.5,0.93,0.59,0.99,1.02,1.19,1.15,1.16,1.05,1.16,1.05,1.53,0.82,1.42
"Niue",-19.0536414,-169.861341,0.31,-0.27,-0.38,0.17,-0.44,-0.33,-0.18,-0.02,NULL,NULL,NULL,-0.24,0.53,0.04,-0.13,0.2,0.04,0.19,0.13,0.05,-0.15,0.07,0.33,0.43,0.24,0.12,0.23,0.63,0.18,0.28,0.52,0.15,NULL,NULL,NULL,NULL,NULL,NULL,NULL,NULL,NULL,NULL,NULL,NULL,NULL,NULL,NULL,NULL,NULL,NULL,NULL,NULL,NULL,NULL,NULL,NULL,NULL,NULL,NULL,NULL,NULL,NULL,NULL
"Norfolk Island",-29.0328038,167.9483137,-0.32,0.4,0.1,0.17,-0.45,-0.27,0.2,-0.01,-0.37,0.45,0.38,-0.09,0.76,NULL,NULL,-0.18,-0.25,-0.12,0.02,-0.03,0.2,-0.04,0.27,0.15,0.21,0.28,-0.02,0.8,0.52,0.49,0.13,-0.14,-0.11,-0.16,0.46,0.82,NULL,NULL,NULL,0.22,0.52,0.44,0.32,0.56,0.6,0.48,0.56,0.45,0.63,0.89,0.99,0.52,NULL,NULL,0.95,1.47,1.14,1.12,1.09,1.12,1.03,1.65,0.65
"North Macedonia",41.6171214,21.7168387,NULL,NULL,NULL,NULL,NULL,NULL,NULL,NULL,NULL,NULL,NULL,NULL,NULL,NULL,NULL,NULL,NULL,NULL,NULL,NULL,NULL,NULL,NULL,NULL,NULL,NULL,NULL,NULL,NULL,NULL,NULL,0.04,0.02,1.49,-0.04,-0.11,-0.1,0.78,0.62,1.1,1.61,0.39,0.65,0.39,0.18,0.41,1.56,1.17,1.05,1.4,0.79,1.5,1.46,1.33,1.51,1.68,1.1,2.12,1.87,1.52,1.58,1.46,2.24
"Norway",61.1529386,8.7876653,1.24,-0.77,-0.12,0.38,-0.26,-1.64,0.56,-0.94,-0.17,-0.7,-0.08,0.93,0.92,0.97,1.06,-0.04,-0.55,-0.1,-1.07,-0.31,-0.49,-0.05,0.64,0.54,-0.59,-0.43,-0.83,0.48,1.75,1.52,0.98,1.13,0.7,0.07,0.95,-0.06,0.77,0.39,1.26,1.43,0.62,1.39,1.09,1.31,1.76,1.51,1.7,1.62,1.4,-0.34,1.4,1.06,0.79,2.42,1.78,1.72,1.55,1.49,1.21,2.39,1.5,1.92,1.22
"Oceania",-12.7725835,173.7741688,0.13,0.15,-0.1,-0.02,0.09,-0.22,-0.09,-0.19,0.1,0.04,0.01,0.08,0.78,-0.3,0.07,-0.5,0.14,0.08,0.33,0.78,0.44,0.12,0.54,-0.17,0.29,0.33,0.32,0.89,0.14,0.5,0.71,0.23,0.4,0.17,0.37,0.54,0.3,1.03,0.53,0.12,0.31,0.67,0.75,0.62,1.08,0.62,0.82,0.54,0.89,0.63,0.18,0.24,1.36,1.05,0.94,1.11,1.07,1.05,1.31,1.32,0.63,0.75,0.87
"Oman",21.0000287,57.0036901,-0.11,0.59,0.24,-0.64,-0.51,0.12,0.03,-0.61,0.22,0.83,0.08,-0.09,-0.17,-0.13,-0.22,0.22,0.61,0.14,0.13,-0.01,0.16,-0.34,-0.67,-0.64,-0.08,-0.06,0.07,0.18,-0.37,0.03,-0.35,-0.61,0.29,0.17,0.02,-0.09,-0.2,0.78,0.61,0.6,0.7,0.93,0.82,0.7,0.84,0.9,0.76,0.63,0.82,1.23,0.98,0.9,0.62,0.63,1.35,1.1,1.58,1.32,1.09,0.76,1.54,1.23,1.38
"Pakistan",30.3308401,71.247499,-0.28,-0.26,0.4,-0.37,-0.31,-0.16,-0.31,-0.48,0.25,0.57,0.19,-0.47,0.12,-0.18,-0.55,-0.26,0.39,0.03,-0.01,0.47,0.37,-0.32,-0.33,-0.12,0.32,-0.2,0.27,0.83,-0.17,0.54,-0.16,-0.29,0.52,0.29,0.02,-0.04,-0.29,0.53,0.96,0.81,0.88,1.14,0.67,1.19,0.38,1.22,0.86,0.57,1.19,1.45,1.01,0.45,0.99,0.57,0.74,1.37,1.47,1.57,0.77,0.62,1.34,1.62,1.36
"Palau",5.3783537,132.9102573,NULL,NULL,NULL,NULL,NULL,NULL,NULL,NULL,NULL,NULL,NULL,NULL,NULL,NULL,NULL,NULL,NULL,NULL,NULL,NULL,NULL,NULL,NULL,NULL,NULL,NULL,NULL,NULL,NULL,NULL,NULL,-0.01,-0.05,0.19,0.25,0.31,0.31,0.57,0.39,0.39,0.44,0.57,0.53,0.75,0.59,0.64,0.75,NULL,0.85,0.8,0.79,0.93,0.75,0.82,1.08,1.16,1.03,1.11,NULL,NULL,1.34,1.55,1.83
"Panama",8.559559,-81.1308434,-0.04,-0.46,-0.14,-0.26,-0.16,0.13,-0.19,-0.15,0.24,0.13,-0.34,0.07,0.16,-0.38,-0.39,-0.02,0.25,0.13,0.22,0.49,0.32,0.47,0.98,0.06,-0.09,0.14,0.64,0.27,0.17,0.48,0.59,0.45,0.52,0.5,0.63,0.35,0.7,1.05,-0.03,0.2,0.61,0.95,0.99,0.78,0.79,0.81,0.72,0.39,0.92,0.96,0.57,0.83,0.93,0.95,1.2,1.11,0.85,1.16,1.28,1.3,0.98,0.48,1.08
"Papua New Guinea",-5.6816069,144.2489081,-0.19,0.2,-0.04,0.08,-0.5,-0.09,-0.22,-0.04,0.16,0.23,0.01,-0.31,0.23,0.06,0.07,-0.23,-0.01,0.25,0.2,0.24,0.33,-0.05,0.34,0.32,0.22,0.34,0.4,0.67,0.44,0.42,0.36,0.55,0.41,0.4,0.7,0.67,0.25,1.11,0.47,0.54,0.68,0.75,0.73,0.4,0.81,0.46,0.54,0.49,0.52,1.17,0.51,0.33,0.86,0.36,0.2,1.15,1.14,0.85,0.85,1.22,1.36,1.38,0.91
"Paraguay",-23.3165935,-58.1693445,0.55,-0.67,0.89,-0.28,-0.1,-0.08,0.49,-0.05,0.41,0.27,-0.41,0.41,0.06,-0.3,-0.07,-0.38,0.76,0.73,0.16,0.23,0.46,0.43,-0.25,0.54,0.43,0.91,0.24,-0.04,-0.1,0.03,0.68,-0.36,0.24,0.9,0.61,0.16,0.92,0.27,0.15,0.22,0.74,1.22,0.85,0.49,0.62,1.0,0.34,0.36,0.99,0.42,0.69,0.92,0.43,1.26,1.62,0.36,1.28,0.66,1.43,1.48,0.83,0.8,2.03
"Peru",-6.8699697,-75.0458515,-0.02,-0.15,0.04,-0.27,0.16,0.03,-0.3,-0.37,0.44,-0.07,-0.48,0.32,0.12,-0.3,-0.27,-0.09,0.28,0.12,0.27,0.38,0.09,0.21,1.32,0.25,0.13,0.18,0.93,0.51,0.07,0.41,0.54,0.91,0.54,0.52,0.79,0.15,0.87,1.3,0.28,0.32,0.44,0.74,0.74,0.7,0.8,0.75,0.58,0.62,0.85,1.02,0.82,0.93,0.71,0.88,1.27,1.45,1.02,0.8,1.1,1.32,0.88,0.55,1.7
"Philippines",12.7503486,122.7312101,-0.12,-0.09,-0.32,-0.01,-0.27,0.19,-0.13,-0.1,0.14,0.21,-0.33,0.03,0.3,-0.07,0.06,-0.16,0.27,0.19,0.36,0.15,0.24,0.16,0.62,0.18,0.35,0.27,0.56,0.78,0.27,0.41,0.33,0.41,0.4,0.48,0.53,0.43,0.51,1.33,0.56,0.67,0.82,0.72,0.78,0.69,0.78,0.83,0.88,0.56,0.73,1.07,0.62,0.88,1.02,0.91,1.11,1.56,1.21,1.24,1.32,1.47,1.33,1.31,1.51
"Pitcairn Islands",-25.0657719,-130.101782,0.63,0.17,0.25,0.31,0.3,-0.42,0.45,-0.32,-0.21,0.44,0.13,-0.27,-0.32,-0.11,-0.01,-0.37,-0.7,-0.24,-0.54,-0.2,-0.13,-0.04,-0.69,0.19,0.39,0.17,-0.23,0.03,0.34,0.12,-0.31,-0.42,-0.59,-0.23,-0.08,-0.29,-0.31,-0.5,NULL,0.44,0.2,0.53,-0.12,-0.52,-0.29,0.47,0.05,-0.03,-0.2,0.0,NULL,NULL,NULL,NULL,NULL,NULL,NULL,NULL,NULL,NULL,NULL,NULL,NULL
"Poland",52.215933,19.134422,1.4,-0.51,-0.88,-0.71,-1.05,0.56,1.14,0.47,-0.49,-1.28,0.14,0.48,0.42,0.49,1.46,-0.31,0.42,-0.23,-0.78,-0.76,0.43,0.32,1.45,0.23,-1.05,0.01,-1.09,0.68,1.69,1.7,0.41,1.14,0.06,1.37,1.11,-0.79,0.01,0.95,1.2,1.88,1.28,1.7,0.36,0.78,0.87,0.83,2.14,1.74,1.26,0.39,0.76,1.37,0.64,2.36,1.99,2.03,1.45,2.41,2.63,2.66,1.45,2.04,2.48
"Portugal",39.6621648,-8.1353519,0.83,0.54,-0.07,0.53,-0.22,0.29,-0.05,0.02,-0.35,0.07,-0.89,-0.93,-0.09,-0.47,-0.11,-0.38,-0.29,0.15,0.15,0.26,0.53,0.54,0.27,-0.14,0.5,0.07,0.72,0.6,1.09,1.38,0.42,0.41,-0.22,0.66,1.64,0.73,1.58,1.18,0.56,0.6,1.09,0.63,1.41,0.97,0.92,1.48,0.7,0.6,1.32,1.06,1.55,0.74,0.89,1.31,1.35,1.67,2.11,0.86,1.25,1.95,1.2,2.26,2.56
"Puerto Rico",18.2247706,-66.4858295,-0.07,-0.14,0.1,0.04,-0.36,-0.01,-0.2,-0.26,0.5,0.14,-0.25,-0.04,0.3,-0.32,-0.11,-0.32,0.23,0.26,0.21,0.69,0.72,0.27,0.69,0.32,0.01,0.27,0.67,0.62,0.11,0.5,0.5,0.42,0.54,0.73,0.8,0.47,0.6,1.27,0.64,0.12,0.81,1.01,NULL,NULL,NULL,NULL,NULL,NULL,1.04,1.91,0.92,NULL,NULL,NULL,NULL,NULL,NULL,NULL,NULL,NULL,0.7,0.7,1.26
"Qatar",25.3336984,51.2295295,-0.55,0.51,0.44,-0.4,0.38,0.44,-0.21,-0.5,0.71,0.31,-0.12,-0.74,-0.26,-0.34,-0.28,-0.57,0.27,0.14,0.76,0.38,0.41,-0.16,-0.89,0.01,0.38,0.54,0.35,0.47,-0.1,0.36,-0.18,-0.55,0.0,0.64,0.03,0.47,0.03,1.14,1.71,0.94,0.97,1.46,1.18,1.23,0.84,1.65,0.98,1.16,1.1,1.99,1.44,1.37,1.23,1.55,1.97,1.54,1.92,2.03,1.86,1.75,2.18,1.87,2.07
"RÃ©union",-21.1307379,55.5364801,0.41,-0.22,-0.44,-0.46,-0.58,-0.13,0.31,-0.3,0.15,0.21,-0.45,0.18,0.24,-0.44,0.03,0.23,0.81,0.4,0.47,0.18,NULL,0.28,0.48,0.01,0.15,-0.02,0.61,0.47,0.21,0.22,0.36,0.28,0.27,0.48,0.27,0.11,0.23,0.98,0.37,0.43,0.89,0.58,0.71,NULL,NULL,0.35,0.55,0.39,0.93,0.84,NULL,NULL,NULL,NULL,1.27,1.03,1.35,1.22,1.64,1.01,1.25,0.91,1.59
"Romania",45.9852129,24.6859225,1.07,0.15,-0.32,-0.8,-0.68,1.05,0.28,0.44,-0.59,-0.06,-0.03,0.38,-0.23,-0.11,0.79,-0.83,0.52,-0.84,0.14,-0.66,0.03,-0.08,0.82,-0.15,-1.21,0.41,-0.74,0.08,0.75,1.1,0.03,0.36,-0.43,1.72,0.4,-0.43,-0.42,0.78,0.61,1.32,1.51,1.19,0.11,0.53,0.27,0.49,2.1,1.3,1.57,1.12,0.44,1.77,1.31,1.47,1.7,1.78,1.05,2.16,2.14,2.12,1.32,1.83,2.62
"Russian Federation",64.6863136,97.7453061,NULL,NULL,NULL,NULL,NULL,NULL,NULL,NULL,NULL,NULL,NULL,NULL,NULL,NULL,NULL,NULL,NULL,NULL,NULL,NULL,NULL,NULL,NULL,NULL,NULL,NULL,NULL,NULL,NULL,NULL,NULL,0.36,0.95,0.57,2.1,0.81,1.27,-0.05,0.4,1.3,0.79,1.57,0.97,1.38,1.68,0.53,2.47,2.2,1.16,0.85,1.68,1.91,1.14,1.73,2.22,2.43,2.1,2.02,2.16,3.67,1.63,2.25,2.53
"Rwanda",-1.9646631,30.0644358,0.0,-0.27,-0.04,-0.13,-0.29,0.03,-0.23,-0.07,0.2,0.22,-0.22,0.14,0.56,0.07,NULL,NULL,NULL,NULL,NULL,NULL,NULL,0.54,0.8,NULL,NULL,0.66,0.47,0.33,0.04,0.39,-0.03,0.11,NULL,NULL,NULL,NULL,NULL,0.65,NULL,NULL,0.23,0.62,0.82,0.7,NULL,NULL,1.12,NULL,NULL,NULL,NULL,NULL,NULL,NULL,NULL,NULL,NULL,NULL,NULL,NULL,NULL,NULL,NULL
"Saint Helena",-15.9690718,-5.71295,0.17,-0.03,0.08,0.01,-0.11,0.09,-0.27,0.23,0.05,-0.25,-0.2,0.47,-0.16,0.24,0.35,0.32,-0.05,0.1,0.03,0.28,0.12,0.12,0.42,0.59,0.28,0.66,0.24,0.38,0.23,0.6,0.47,0.07,0.57,0.83,0.5,0.29,0.73,1.15,1.29,1.39,1.02,1.13,1.49,1.37,1.26,1.56,0.96,1.04,1.61,1.08,1.39,1.2,1.18,1.26,1.86,1.59,1.31,1.55,1.59,1.35,1.56,1.45,1.52
"Saint Pierre and Miquelon",46.8374544,-56.2120555,-0.04,-0.12,-0.18,-0.52,-0.49,0.14,0.22,0.09,0.6,0.99,0.31,-1.23,-0.76,-0.93,-0.68,-0.1,-0.11,-0.3,0.47,-0.2,1.02,-0.45,0.79,0.18,-0.98,-0.67,-0.01,0.27,-0.34,-0.67,-0.64,-1.29,-1.0,-0.25,-0.21,0.17,-0.32,0.79,1.72,1.16,0.58,0.04,0.19,0.6,0.94,1.86,0.39,0.46,0.69,1.29,1.13,1.97,1.29,0.4,0.13,0.9,0.42,0.74,0.12,0.82,2.29,1.91,1.49
"Samoa",-13.7693895,-172.12005,0.07,-0.01,0.08,0.09,-0.33,0.07,-0.29,-0.21,0.23,0.23,-0.4,-0.09,0.19,-0.43,-0.24,-0.36,0.01,0.03,0.19,0.23,0.02,0.23,0.29,0.12,0.1,0.26,0.2,0.51,0.05,0.48,0.5,0.33,-0.17,0.26,0.66,0.72,NULL,NULL,0.18,0.53,0.81,1.06,0.65,0.17,0.82,0.41,0.85,0.44,NULL,1.1,0.57,0.65,0.94,0.76,0.6,1.13,1.02,0.78,1.13,1.02,0.86,0.85,0.87
"San Marino",43.9458623,12.458306,0.93,-0.1,-0.37,-0.08,-0.39,0.4,0.38,-0.04,-0.12,-0.12,-0.16,-0.07,0.0,-0.05,0.25,-0.43,0.34,-0.59,0.01,-0.45,-0.34,0.39,0.42,-0.58,0.18,0.34,0.09,0.76,0.27,1.0,-0.09,0.48,0.52,1.51,0.31,0.23,0.95,1.09,0.82,1.35,1.63,1.07,1.58,0.8,0.42,0.84,1.82,1.27,1.36,0.7,1.28,1.68,0.99,1.57,1.79,1.72,1.67,1.93,1.8,1.96,1.52,2.12,2.41
"SÃ£o TomÃ© and PrÃ­ncipe",0.9713095,7.02255,-0.17,-0.12,0.18,-0.22,-0.18,0.14,-0.16,-0.15,0.06,0.15,-0.14,-0.12,0.39,-0.17,-0.19,-0.43,0.12,0.05,0.32,0.19,0.17,0.01,0.13,0.4,0.1,-0.1,0.44,0.46,-0.12,NULL,NULL,-0.04,0.41,0.31,0.86,NULL,NULL,1.23,0.95,0.48,0.34,0.74,0.98,0.8,0.71,0.79,1.01,0.73,0.96,1.23,0.92,0.95,0.91,0.99,0.91,1.59,1.27,0.94,1.31,1.52,1.29,1.21,1.25
"Saudi Arabia",25.6242618,42.3528328,-0.19,0.65,0.46,-0.5,0.14,0.64,-0.7,-0.4,0.56,0.38,-0.42,-0.54,-0.2,-0.21,-0.33,-0.42,0.16,-0.15,0.89,0.03,0.06,-0.43,-0.89,-0.36,-0.04,0.18,0.51,0.44,-0.16,0.05,0.32,-1.04,-0.26,0.59,0.13,0.52,-0.05,0.99,1.45,0.75,0.85,1.07,0.95,0.94,0.51,1.15,0.66,0.86,0.99,2.13,0.82,1.21,1.19,1.25,1.88,1.55,1.77,1.85,1.69,1.47,2.23,1.78,1.84
"Senegal",14.4750607,-14.4529612,-0.16,-0.01,0.1,-0.2,-0.41,-0.04,-0.4,-0.52,0.74,0.52,-0.07,0.37,0.72,-0.43,-0.23,-0.07,0.54,0.47,0.77,0.91,0.74,0.32,1.23,0.62,0.48,0.44,0.98,0.84,0.54,1.15,0.76,0.84,1.05,0.6,0.91,1.22,1.37,1.57,0.58,0.92,1.16,1.43,1.15,1.2,1.43,1.44,1.28,1.37,0.79,1.53,1.27,0.93,1.27,1.2,1.34,1.69,1.92,1.14,1.56,1.83,1.95,1.57,2.07
"Serbia",44.1534121,20.55144,NULL,NULL,NULL,NULL,NULL,NULL,NULL,NULL,NULL,NULL,NULL,NULL,NULL,NULL,NULL,NULL,NULL,NULL,NULL,NULL,NULL,NULL,NULL,NULL,NULL,NULL,NULL,NULL,NULL,NULL,NULL,NULL,NULL,NULL,NULL,NULL,NULL,NULL,NULL,NULL,NULL,NULL,NULL,NULL,NULL,0.61,1.94,1.39,1.42,1.23,0.8,1.75,1.48,1.63,1.76,1.71,1.28,2.32,2.08,1.8,1.57,1.91,2.54
"Seychelles",-4.6574977,55.4540146,0.31,0.07,-0.1,-0.18,-0.55,0.06,0.01,-0.17,0.19,0.3,-0.45,-0.36,0.18,-0.48,-0.27,-0.22,0.23,0.37,0.24,0.27,0.18,0.39,0.46,-0.36,-0.18,0.19,0.43,0.36,-0.07,0.31,0.48,0.07,0.13,0.4,0.33,0.01,0.49,0.86,0.16,0.27,0.59,0.38,0.58,0.19,0.4,0.4,0.71,0.31,0.54,0.74,0.64,0.66,0.37,0.47,0.79,0.75,0.92,0.66,1.12,1.17,0.63,0.47,0.9
"Sierra Leone",8.6400349,-11.8400269,-0.1,-0.1,0.15,-0.18,-0.32,-0.05,-0.15,-0.08,0.3,0.36,-0.13,0.16,0.47,-0.04,-0.12,-0.24,0.17,0.23,0.52,0.38,0.23,0.3,0.53,0.35,0.26,-0.1,0.73,0.63,0.16,0.47,0.6,0.23,0.55,0.45,0.44,0.51,0.68,0.88,0.45,NULL,0.72,0.88,0.69,0.91,1.1,1.01,0.69,1.15,0.79,1.31,1.09,0.49,0.98,0.94,1.13,1.08,1.67,1.19,1.51,1.62,1.72,1.38,1.11
"Singapore",1.357107,103.8194992,NULL,NULL,NULL,NULL,NULL,NULL,NULL,NULL,NULL,NULL,NULL,NULL,NULL,NULL,NULL,NULL,NULL,NULL,-0.05,0.09,NULL,NULL,NULL,NULL,NULL,-0.24,0.3,0.0,NULL,NULL,NULL,NULL,0.19,0.56,0.44,0.2,0.66,0.87,0.25,NULL,0.31,NULL,NULL,0.68,0.65,0.57,NULL,NULL,0.57,0.6,0.69,1.22,1.0,1.33,1.6,1.78,1.16,0.99,1.63,1.41,1.51,1.35,1.79
"Slovak Rep.",13.36179,103.86056,NULL,NULL,NULL,NULL,NULL,NULL,NULL,NULL,NULL,NULL,NULL,NULL,NULL,NULL,NULL,NULL,NULL,NULL,NULL,NULL,NULL,NULL,NULL,NULL,NULL,NULL,NULL,NULL,NULL,NULL,NULL,NULL,0.04,1.7,0.69,-0.42,-0.25,1.03,0.78,1.63,1.24,1.38,0.65,0.55,0.39,0.62,2.14,1.51,1.49,0.67,0.83,1.56,0.94,2.34,2.08,1.92,1.24,2.51,2.38,1.98,1.24,1.97,2.4
"Slovenia",46.1199444,14.8153333,NULL,NULL,NULL,NULL,NULL,NULL,NULL,NULL,NULL,NULL,NULL,NULL,NULL,NULL,NULL,NULL,NULL,NULL,NULL,NULL,NULL,NULL,NULL,NULL,NULL,NULL,NULL,NULL,NULL,NULL,NULL,1.17,0.57,1.88,0.81,-0.1,0.48,1.38,0.88,1.8,1.73,1.52,1.45,0.75,0.5,0.89,2.19,1.6,1.66,0.8,1.38,1.96,1.26,2.46,2.15,2.07,1.74,2.44,2.36,2.25,1.57,2.53,2.62
"Solomon Islands",-8.7053941,159.1070694,0.21,0.09,-0.09,0.1,-0.5,-0.17,-0.18,-0.18,0.2,0.11,-0.16,-0.37,0.17,0.07,0.02,-0.09,0.22,0.37,0.21,0.14,0.43,-0.11,0.22,0.21,0.07,-0.14,-0.37,0.25,-0.08,0.22,0.01,-0.1,-0.2,0.04,0.61,0.38,0.29,0.67,0.27,0.5,NULL,NULL,0.25,0.38,0.55,0.36,0.52,NULL,0.24,0.5,0.35,0.53,0.51,0.63,0.4,0.71,0.48,0.6,0.56,0.77,0.73,0.9,0.91
"Somalia",8.3676771,49.083416,0.32,-0.03,-0.21,0.02,-0.38,0.18,-0.08,-0.58,0.03,0.11,-0.28,0.19,0.5,-0.07,0.04,0.17,0.35,0.07,0.05,0.69,-0.13,0.28,0.42,-0.03,-0.04,0.06,0.82,0.68,-0.15,0.06,0.18,0.48,0.11,0.44,0.4,0.56,0.35,0.58,0.36,0.4,0.75,0.78,1.01,0.44,1.04,0.83,0.94,0.65,1.26,1.06,1.04,0.97,1.08,1.12,1.54,1.3,1.58,0.64,1.49,1.69,1.56,1.41,1.38
"South Africa",-28.8166236,24.991639,0.25,0.21,0.18,-0.08,-0.03,0.24,-0.08,-0.39,0.27,0.35,-0.16,0.1,0.34,-0.25,-0.14,-0.51,0.17,0.06,0.31,0.24,-0.36,0.19,0.68,0.51,0.63,0.43,0.71,0.33,-0.04,0.32,0.36,0.8,0.82,0.2,0.63,-0.14,0.24,0.84,1.1,0.29,0.54,0.53,0.94,0.96,1.13,0.43,0.82,0.7,0.72,1.19,0.47,0.62,0.74,0.81,1.3,1.57,1.14,1.04,1.93,0.96,0.82,1.1,1.12
"South Sudan",7.8699431,29.6667897,NULL,NULL,NULL,NULL,NULL,NULL,NULL,NULL,NULL,NULL,NULL,NULL,NULL,NULL,NULL,NULL,NULL,NULL,NULL,NULL,NULL,NULL,NULL,NULL,NULL,NULL,NULL,NULL,NULL,NULL,NULL,NULL,NULL,NULL,NULL,NULL,NULL,NULL,NULL,NULL,NULL,NULL,NULL,NULL,NULL,NULL,NULL,NULL,NULL,NULL,1.51,1.17,1.4,0.95,1.14,1.27,1.25,1.12,0.95,0.54,1.05,0.81,1.35
"Spain",39.3260685,-4.8379791,0.73,0.41,-0.23,0.49,-0.19,0.41,0.15,0.09,-0.29,0.12,-0.75,-0.84,-0.18,-0.45,-0.1,-0.38,-0.17,0.1,0.27,0.18,0.34,0.71,0.55,-0.17,0.48,0.25,0.72,0.79,1.04,1.45,0.21,0.31,-0.06,1.04,1.44,0.71,1.53,1.17,0.79,0.79,1.38,0.79,1.59,0.98,0.86,1.5,0.81,0.85,1.33,0.89,1.6,1.03,0.89,1.59,1.5,1.69,2.0,1.11,1.49,2.04,1.37,2.43,2.57
"Sri Lanka",7.5554942,80.7137847,-0.16,-0.12,-0.05,0.06,-0.15,0.21,-0.09,-0.07,0.23,0.12,-0.34,-0.11,0.41,-0.24,-0.16,-0.07,0.08,0.13,0.38,0.46,0.27,0.27,0.77,0.11,0.21,0.3,0.82,0.85,0.34,0.71,0.65,0.35,0.35,0.42,0.72,0.54,0.7,1.31,0.48,0.6,0.86,1.01,0.92,0.83,0.88,0.63,0.61,0.53,0.74,1.08,0.71,0.93,0.84,0.95,0.95,1.32,1.05,0.77,1.22,1.27,0.98,0.94,1.1
"St. Kitts and Nevis",17.250512,-62.6725973,0.07,-0.08,0.18,0.06,-0.44,0.16,-0.14,-0.26,0.31,0.21,-0.19,-0.07,0.31,-0.23,-0.25,-0.28,0.29,0.36,0.32,0.73,0.75,0.41,0.7,0.11,0.11,0.19,0.8,0.56,0.03,0.48,0.58,0.51,0.64,0.61,0.78,0.52,0.73,1.25,0.66,0.5,NULL,0.7,0.98,0.61,1.01,0.75,0.89,0.3,0.52,1.29,0.58,0.68,0.7,0.71,1.0,1.17,0.93,0.79,0.88,1.18,0.88,0.79,1.12
"St. Lucia",13.8250489,-60.975036,0.29,-0.11,0.26,-0.08,-0.34,0.0,-0.22,-0.32,0.3,0.15,-0.39,-0.23,0.07,-0.39,-0.47,-0.31,0.03,0.17,0.16,0.51,0.39,0.08,0.36,-0.07,-0.35,-0.16,0.52,0.42,-0.05,0.28,0.39,0.33,0.42,0.38,0.63,0.43,0.52,1.19,0.58,0.47,0.62,0.66,0.91,0.55,1.12,0.75,0.72,0.36,0.44,1.21,0.63,0.56,0.79,0.62,0.91,1.03,1.01,0.63,1.01,1.19,0.86,0.67,1.11
"St. Vincent and the Grenadines",12.90447,-61.2765569,0.51,-0.3,0.36,-0.25,-0.28,-0.01,-0.25,-0.3,0.33,0.2,-0.52,-0.33,-0.06,-0.57,-0.55,-0.18,-0.11,-0.02,0.17,0.31,0.2,-0.18,0.19,-0.17,-0.76,-0.43,0.33,0.4,-0.24,0.16,0.32,0.31,0.36,0.33,0.61,0.33,0.48,1.17,0.55,0.52,0.67,0.5,0.87,0.33,1.15,0.63,0.56,0.42,0.35,1.15,0.63,0.47,0.82,0.67,0.82,0.77,1.18,0.57,1.08,1.28,0.84,0.59,1.16
"Sudan",14.5844444,29.4917691,NULL,NULL,NULL,NULL,NULL,NULL,NULL,NULL,NULL,NULL,NULL,NULL,NULL,NULL,NULL,NULL,NULL,NULL,NULL,NULL,NULL,NULL,NULL,NULL,NULL,NULL,NULL,NULL,NULL,NULL,NULL,NULL,NULL,NULL,NULL,NULL,NULL,NULL,NULL,NULL,NULL,NULL,NULL,NULL,NULL,NULL,NULL,NULL,NULL,NULL,0.84,0.96,1.13,0.89,1.45,1.13,1.18,1.17,0.81,0.4,1.16,0.68,1.62
"Suriname",4.1413025,-56.0771187,-0.1,-0.15,-0.09,-0.09,-0.06,0.15,-0.24,-0.23,0.46,0.21,-0.46,-0.03,0.13,-0.34,-0.26,0.0,0.19,0.13,0.27,0.32,0.27,0.25,0.44,-0.26,-0.09,0.03,0.62,0.43,0.07,0.26,0.47,0.62,0.48,0.59,1.06,0.55,0.77,1.37,0.59,0.69,0.53,0.68,0.92,0.95,1.29,0.87,0.83,0.9,1.22,1.35,0.88,0.88,1.04,1.04,1.1,1.58,1.25,1.06,1.34,1.49,1.08,1.1,1.52
"Svalbard Jan Mayen Islands",22.26382,113.96038,0.57,-1.36,-2.24,-0.51,-0.16,-2.36,-0.14,-3.25,-1.74,-0.19,-1.31,2.39,0.53,1.6,0.41,0.92,-0.27,-0.79,-1.12,-0.12,-1.07,-0.66,0.05,1.9,1.79,-0.36,0.2,-2.11,-0.77,1.63,1.32,0.96,0.01,0.06,0.47,1.19,-0.32,0.17,2.07,1.98,1.39,1.62,0.84,0.74,2.45,3.89,3.05,1.84,1.91,2.27,2.11,3.83,2.27,3.38,3.31,5.33,3.34,4.06,2.87,2.0,3.01,3.51,3.58
"Sweden",59.6749712,14.5208584,1.56,-0.69,-0.46,0.4,-0.22,-1.67,0.83,-0.93,-0.21,-1.1,0.03,0.8,1.15,0.94,1.58,-0.11,-0.47,-0.07,-1.09,-0.57,-0.23,-0.13,0.92,0.59,-1.03,-0.49,-1.2,0.73,2.0,1.7,1.03,1.38,0.81,0.2,1.27,-0.16,0.99,0.57,1.37,1.73,1.07,1.57,0.91,1.2,1.82,1.49,1.94,1.96,1.44,-0.28,1.27,1.31,0.86,2.71,2.07,1.84,1.59,1.85,1.57,2.95,1.85,2.14,1.48
"Switzerland",46.7985624,8.2319736,0.99,-0.35,-0.87,0.14,-0.79,0.47,0.56,-0.06,-0.08,-0.48,-0.07,-0.06,-0.06,0.09,0.62,0.37,0.17,-0.36,-0.06,-0.19,-0.01,0.58,0.87,-0.33,-0.32,0.24,-0.01,0.92,1.15,1.42,0.33,0.98,0.57,1.87,1.01,0.04,1.08,1.12,0.99,1.43,1.46,1.27,1.87,0.99,0.82,1.1,1.82,1.21,1.38,0.47,1.67,1.52,0.79,2.18,1.98,1.86,1.84,2.35,2.1,2.52,1.2,2.86,2.74
"Syrian Arab Rep.",13.36179,103.86056,-0.04,0.98,0.55,-0.71,-0.19,0.92,-1.01,-0.18,0.17,0.65,-0.17,-0.91,-0.4,-0.17,-0.18,-0.84,0.19,0.17,0.92,-0.18,0.15,-0.53,-0.85,0.01,-0.02,0.41,-0.17,-0.2,0.39,0.21,0.49,-1.11,-0.56,1.29,0.19,0.49,-0.09,1.19,1.32,0.7,1.19,0.89,0.57,0.68,0.29,1.06,0.82,1.07,0.66,2.49,0.66,1.06,1.39,1.2,1.33,1.82,1.18,2.42,1.61,1.93,2.33,1.64,2.09
"Taiwan Province of China",24,121,0.15,-0.17,-0.22,0.25,-0.14,0.3,0.1,-0.93,0.02,-0.32,-0.22,-0.15,0.5,-0.36,0.24,-0.55,0.23,0.03,0.05,0.21,-0.08,-0.17,0.24,-0.57,-0.08,-0.25,0.34,0.28,0.05,0.33,0.55,-0.1,0.32,0.36,0.16,-0.02,0.11,1.17,0.71,0.38,0.79,0.95,0.95,0.56,0.79,0.83,0.9,0.7,0.89,0.62,0.17,0.46,0.77,0.67,0.66,0.94,1.28,1.02,1.21,1.62,1.78,1.26,1.32
"Tajikistan",38.6281733,70.8156541,NULL,NULL,NULL,NULL,NULL,NULL,NULL,NULL,NULL,NULL,NULL,NULL,NULL,NULL,NULL,NULL,NULL,NULL,NULL,NULL,NULL,NULL,NULL,NULL,NULL,NULL,NULL,NULL,NULL,NULL,NULL,-0.3,-0.2,0.41,0.33,-0.53,1.1,0.55,1.0,0.88,1.37,1.16,0.47,1.22,0.67,1.44,1.08,0.8,0.68,1.2,1.31,-0.16,1.14,0.36,1.15,1.52,1.17,1.49,1.18,0.85,0.86,1.94,1.71
"Tanzania",-6.5247123,35.7878438,0.38,-0.25,-0.28,-0.39,-0.21,0.1,0.06,-0.45,0.36,0.21,-0.25,0.06,0.39,-0.08,-0.01,0.0,0.3,0.11,-0.1,0.4,0.38,0.42,0.69,0.1,0.06,0.14,0.57,0.67,-0.13,0.13,0.26,0.26,-0.07,0.34,0.27,0.14,0.51,0.4,-0.33,0.42,0.34,0.52,0.88,0.71,0.94,0.78,0.68,0.38,0.78,0.9,0.62,0.78,0.86,0.85,1.02,0.91,1.36,1.04,1.38,1.07,1.12,0.9,1.25
"Thailand",14.8971921,100.83273,-0.17,-0.16,-0.33,-0.04,-0.24,0.4,-0.06,-0.13,0.45,-0.01,-0.49,0.03,0.35,-0.47,0.1,-0.52,0.09,0.28,0.59,0.5,0.31,0.14,0.44,0.1,0.3,0.09,0.76,0.27,0.3,0.51,0.64,0.36,0.29,0.35,0.68,0.23,0.39,1.42,0.41,0.04,0.63,0.63,0.77,0.52,0.86,0.65,0.52,0.38,0.49,1.29,0.25,0.91,1.11,0.69,1.2,1.46,1.04,0.81,1.71,1.48,1.01,0.94,1.45
"Timor-Leste",-8.7443169,126.063482,-0.36,-0.03,-0.64,-0.18,NULL,0.09,-0.42,-0.02,0.12,0.29,0.12,-0.18,0.65,-0.32,-0.35,-0.06,0.4,0.83,0.35,0.41,0.76,-0.4,0.38,0.13,0.48,0.12,NULL,NULL,NULL,-0.72,NULL,NULL,NULL,NULL,0.17,0.21,-0.06,0.83,-0.04,NULL,NULL,NULL,0.29,0.35,1.05,0.12,0.42,0.18,0.55,0.84,-0.24,-0.27,0.53,0.47,0.53,1.41,0.74,0.33,0.44,1.35,0.69,0.6,0.22
"Togo",8.7800265,1.0199765,-0.09,-0.19,0.05,-0.16,-0.08,0.0,-0.22,-0.08,0.35,0.37,-0.16,0.2,0.6,-0.01,-0.23,-0.26,0.4,-0.02,0.48,0.47,0.23,0.22,0.73,0.64,0.45,0.3,1.05,0.7,0.17,0.69,0.33,0.13,0.53,0.51,0.58,0.71,0.58,1.16,0.6,0.55,0.67,0.76,1.04,0.77,1.02,1.06,0.91,0.8,0.92,1.27,0.92,0.62,0.81,0.96,1.17,1.21,1.35,1.2,1.33,1.22,1.62,1.03,1.45
"Tokelau",-9.1676396,-171.819687,-0.04,0.12,0.18,-0.23,-0.18,-0.14,-0.47,-0.39,0.03,-0.52,-0.33,0.14,0.13,-0.26,-0.28,0.2,0.26,0.26,0.63,0.46,0.38,0.5,0.33,0.21,0.35,0.43,0.55,0.24,0.21,0.64,1.15,NULL,NULL,NULL,NULL,NULL,NULL,NULL,NULL,NULL,NULL,NULL,NULL,NULL,NULL,NULL,NULL,NULL,NULL,NULL,NULL,NULL,NULL,NULL,NULL,NULL,NULL,NULL,NULL,NULL,NULL,NULL,NULL
"Tonga",-19.9160819,-175.202642,0.32,-0.2,-0.29,0.24,-0.6,-0.39,-0.17,0.05,-0.16,0.37,0.16,-0.04,0.4,0.06,0.04,-0.21,0.02,0.29,0.23,0.16,0.1,0.16,0.07,0.3,0.21,-0.01,-0.05,0.76,0.39,0.32,0.29,0.17,-0.14,0.16,0.45,0.27,0.13,0.14,0.05,0.21,0.51,0.67,0.27,0.43,0.6,0.38,0.66,0.11,0.18,0.7,0.39,0.49,0.62,0.5,0.55,1.07,0.86,0.63,1.06,0.95,0.61,0.52,0.85
"Trinidad and Tobago",10.7466905,-61.0840075,0.28,-0.17,0.24,-0.13,-0.23,0.06,-0.15,-0.28,0.38,0.2,-0.45,-0.25,0.01,-0.45,-0.46,-0.27,0.01,0.04,0.21,0.33,0.29,-0.03,0.27,-0.12,-0.64,-0.44,0.45,0.31,-0.22,0.23,0.36,0.29,0.53,0.37,0.66,0.41,0.59,1.13,0.62,0.49,0.68,0.52,0.81,0.39,1.17,0.74,0.61,0.44,0.5,1.24,0.57,0.62,0.78,0.69,0.85,0.92,1.13,0.59,1.11,1.31,0.87,0.62,1.19
"Tunisia",33.8439408,9.400138,0.3,0.21,0.02,0.4,-0.09,0.54,0.03,0.08,0.04,-0.21,-0.24,-0.36,-0.14,-0.36,-0.37,-0.75,0.61,-0.39,0.43,-0.2,0.07,0.8,0.21,-0.13,0.39,0.43,0.59,1.32,0.47,1.41,-0.05,0.0,0.68,1.35,0.67,0.64,1.27,1.01,1.77,1.03,2.02,1.27,1.74,0.98,1.12,1.35,1.48,1.46,0.95,1.85,1.13,1.71,1.56,1.96,1.27,1.97,1.45,1.57,1.41,2.08,2.5,2.17,2.4
"TÃ¼rkiye",38.9597594,34.9249653,0.18,1.03,0.49,-0.72,-0.34,1.42,-0.83,-0.02,-0.06,0.85,0.04,-0.73,-0.49,-0.34,-0.13,-1.15,0.19,-0.06,0.91,-0.1,0.4,-0.23,-0.46,0.33,-0.08,0.42,-0.4,-0.31,0.34,-0.06,0.23,-1.24,-0.81,1.21,0.16,0.29,0.02,1.02,1.25,0.54,1.54,0.8,0.31,0.61,0.44,0.88,0.98,0.86,0.68,2.38,0.38,0.97,1.34,1.32,0.78,1.57,0.76,2.62,1.68,1.88,1.92,1.29,2.06
"Turkmenistan",39.3763807,59.3924609,NULL,NULL,NULL,NULL,NULL,NULL,NULL,NULL,NULL,NULL,NULL,NULL,NULL,NULL,NULL,NULL,NULL,NULL,NULL,NULL,NULL,NULL,NULL,NULL,NULL,NULL,NULL,NULL,NULL,NULL,NULL,-0.11,-0.2,0.25,1.36,-0.08,1.34,0.95,1.28,1.28,1.51,1.78,0.07,1.64,1.29,1.69,1.1,0.73,1.09,1.91,1.11,0.8,1.65,0.73,1.42,1.99,1.67,1.52,1.79,1.5,1.64,2.51,2.38
"Turks and Caicos Islands",21.721746,-71.5527809,-0.09,-0.23,0.04,0.25,-0.31,0.23,NULL,NULL,NULL,NULL,0.1,0.04,0.31,0.14,0.46,-0.15,0.39,0.84,0.19,0.39,NULL,NULL,NULL,NULL,NULL,NULL,NULL,NULL,NULL,NULL,NULL,NULL,NULL,NULL,NULL,NULL,NULL,NULL,NULL,NULL,NULL,NULL,NULL,NULL,NULL,NULL,NULL,NULL,NULL,NULL,NULL,NULL,NULL,NULL,NULL,NULL,NULL,NULL,NULL,NULL,NULL,NULL,NULL
"Tuvalu",-8.6405212,179.1582918,-0.04,0.12,0.0,0.0,-0.3,0.02,-0.22,-0.24,0.21,0.09,-0.32,-0.09,0.17,-0.31,NULL,-0.09,-0.06,0.06,0.24,0.29,0.14,0.02,-0.06,0.08,0.19,0.43,-0.02,0.07,-0.14,0.2,0.52,0.21,0.0,NULL,0.4,0.36,0.41,0.19,0.39,0.5,0.76,0.79,0.56,0.64,0.8,0.65,0.74,0.37,0.65,0.91,0.79,0.6,0.67,0.63,0.78,0.91,1.0,0.96,1.06,1.18,0.67,0.65,1.18
"Uganda",1.5333554,32.2166578,-0.03,-0.29,-0.21,-0.27,-0.13,0.0,-0.07,-0.25,0.13,0.05,-0.12,0.13,0.4,-0.08,-0.01,0.06,0.2,0.12,0.39,0.72,0.56,0.48,0.77,0.4,0.26,0.42,0.77,0.61,0.06,0.38,0.27,0.32,0.21,0.26,0.45,0.3,0.57,0.47,0.08,0.29,0.23,0.66,0.84,0.71,1.3,1.07,0.41,0.71,1.3,1.42,0.99,1.01,0.97,1.02,1.09,1.18,1.63,0.97,1.5,1.11,1.37,1.3,1.39
"Ukraine",49.4871968,31.2718321,NULL,NULL,NULL,NULL,NULL,NULL,NULL,NULL,NULL,NULL,NULL,NULL,NULL,NULL,NULL,NULL,NULL,NULL,NULL,NULL,NULL,NULL,NULL,NULL,NULL,NULL,NULL,NULL,NULL,NULL,NULL,0.45,-0.76,1.13,0.93,-0.43,-0.36,0.71,1.14,1.41,1.78,1.52,-0.29,0.91,1.01,0.27,2.37,1.6,1.58,1.61,0.54,1.91,1.47,1.67,2.02,2.06,1.36,2.18,2.31,2.96,1.38,1.87,2.79
"United Arab Emirates",24.0002488,53.9994829,-0.18,0.6,0.32,-0.34,0.15,0.26,-0.03,-0.59,0.61,0.45,-0.11,-0.78,-0.35,-0.45,-0.32,-0.56,0.4,0.04,0.41,0.38,0.23,-0.3,-0.7,-0.19,0.17,0.23,0.2,0.24,-0.26,0.3,-0.19,-0.6,0.04,0.47,-0.09,0.4,-0.22,1.08,1.41,0.8,0.68,1.21,1.09,1.07,0.74,1.3,0.88,0.85,0.98,1.63,1.31,1.26,0.89,1.04,1.7,1.25,1.84,1.71,1.41,1.41,1.9,1.68,1.76
"United Kingdom",54.7023545,-3.2765753,0.49,-0.74,-0.87,0.02,-0.58,-0.14,0.22,-0.07,-0.21,-0.08,0.25,-0.06,0.2,-0.07,0.6,0.72,-0.33,0.06,-0.79,-0.03,0.17,0.11,0.34,0.33,-0.53,-0.6,-0.29,0.3,1.13,1.01,0.2,0.51,-0.02,0.41,1.11,-0.15,0.88,0.86,1.13,0.71,0.62,1.0,1.19,1.03,1.11,1.24,1.33,0.83,0.94,-0.07,0.84,0.57,0.36,1.71,0.61,1.16,1.42,0.99,1.23,1.37,0.93,1.91,1.48
"United States",39.7837304,-100.445882,0.0,-0.03,0.43,-0.28,-0.36,-0.21,0.08,-0.08,-0.27,-0.02,-0.41,-0.26,-0.03,0.09,-0.37,-0.12,0.4,0.02,-0.34,0.41,0.87,-0.35,0.55,-0.23,-0.03,0.58,0.92,0.48,0.32,0.68,0.53,0.4,0.01,0.47,0.64,-0.01,0.39,1.27,0.76,1.0,0.79,0.95,0.99,0.86,1.15,1.03,1.15,0.22,0.41,0.7,0.54,1.46,0.62,0.51,1.53,2.22,1.43,1.28,1.04,1.33,1.15,1.22,1.21
"United States Virgin Islands",17.789187,-64.7080574,0.03,-0.02,0.26,0.06,-0.22,0.01,-0.19,-0.26,0.52,0.14,-0.25,-0.03,0.28,-0.3,-0.13,-0.32,0.22,0.26,0.2,0.69,0.73,0.25,0.68,0.33,0.0,0.29,0.66,0.65,0.11,0.5,0.51,0.41,0.53,0.74,0.79,0.46,0.58,1.26,0.63,0.1,0.81,1.0,NULL,NULL,NULL,NULL,NULL,NULL,1.06,1.94,0.93,NULL,NULL,NULL,NULL,NULL,NULL,NULL,NULL,NULL,0.68,0.68,1.23
"Uruguay",-32.8755548,-56.0201525,0.38,-0.47,0.32,-0.76,0.18,-0.43,0.01,0.38,0.15,0.39,-0.32,0.26,-0.12,-0.05,0.03,-0.31,0.52,0.13,0.16,0.6,0.54,0.62,-0.01,0.13,0.45,0.79,0.36,-0.49,0.76,0.61,0.33,0.17,0.3,0.48,0.31,0.48,1.11,0.12,0.08,0.36,1.26,0.63,0.32,0.45,0.8,0.58,0.14,0.73,0.51,0.29,0.5,0.9,0.22,1.26,1.11,0.36,1.62,1.27,0.83,0.89,0.9,0.53,1.53
"Uzbekistan",41.32373,63.9528098,NULL,NULL,NULL,NULL,NULL,NULL,NULL,NULL,NULL,NULL,NULL,NULL,NULL,NULL,NULL,NULL,NULL,NULL,NULL,NULL,NULL,NULL,NULL,NULL,NULL,NULL,NULL,NULL,NULL,NULL,NULL,0.1,-0.24,-0.05,1.37,-0.47,1.52,0.48,1.28,1.36,1.53,1.81,0.12,1.9,1.35,1.54,1.35,0.67,1.03,1.75,1.01,0.64,1.48,0.13,1.34,2.22,1.71,0.96,1.85,1.63,1.45,2.52,2.33
"Vanuatu",-16.5255069,168.1069154,0.21,0.13,-0.13,0.26,-0.53,-0.22,-0.2,-0.35,0.05,0.28,0.0,-0.34,0.57,0.19,0.08,0.02,-0.04,-0.01,0.01,0.04,0.0,-0.05,0.08,-0.01,0.53,-0.11,-0.22,0.64,0.06,0.33,-0.03,-0.05,-0.38,-0.12,0.3,0.35,0.08,0.76,0.89,0.64,0.46,0.49,0.31,0.4,0.48,0.35,0.8,0.64,0.37,0.82,0.61,0.33,0.61,0.5,0.51,0.99,0.93,0.35,0.67,1.02,0.94,1.29,0.89
"Venezuela",8.0018709,-66.1109318,0.02,-0.13,-0.03,0.07,-0.18,0.2,-0.26,-0.17,0.47,0.24,-0.38,-0.08,0.36,-0.35,-0.27,-0.36,0.28,0.16,0.29,0.45,0.24,0.19,0.53,-0.06,-0.35,-0.21,0.46,0.23,-0.19,0.16,0.39,0.39,0.39,0.23,0.64,0.46,0.6,1.06,0.27,0.22,0.58,0.81,0.84,0.68,0.92,0.66,0.74,0.51,0.79,1.13,0.61,0.61,0.92,0.86,1.16,1.14,0.85,0.81,1.2,1.33,0.72,0.64,1.18
"Vietnam",15.9266657,107.9650855,0.02,-0.23,-0.3,0.07,0.0,0.48,-0.13,-0.31,0.53,-0.06,-0.47,0.01,0.46,-0.37,0.17,-0.56,-0.1,0.04,0.32,0.27,0.4,0.14,0.02,-0.18,-0.08,0.04,1.0,0.13,-0.03,0.33,0.55,0.05,0.29,0.36,0.37,0.01,0.32,1.31,0.74,0.12,0.68,0.72,1.07,0.37,0.82,0.89,0.52,0.22,0.69,1.11,0.13,0.76,0.93,0.55,1.18,1.14,1.1,0.78,1.73,1.42,1.03,0.95,1.33
"Wallis and Futuna Islands",-13.289402,-176.204224,0.32,-0.05,0.12,0.19,-0.41,0.05,-0.26,-0.1,-0.21,0.05,-0.04,-0.12,0.36,0.13,-0.02,-0.12,-0.14,-0.03,0.16,0.2,0.13,0.07,0.03,0.0,0.07,-0.07,0.05,0.5,0.15,0.27,0.05,-0.14,-0.38,-0.22,0.37,0.29,0.06,0.36,0.21,0.37,0.62,0.66,0.36,0.43,0.62,0.46,0.72,0.15,0.2,0.72,0.51,0.53,0.57,0.51,0.55,1.05,0.88,0.62,1.05,0.96,0.65,0.62,0.85
"West Bank and Gaza",31.8702347,35.4491832,-0.13,0.84,0.84,-0.64,-0.04,0.6,-0.9,-0.06,0.29,0.24,-0.31,-0.47,-0.45,-0.23,-0.39,-0.55,0.04,-0.05,0.64,-0.18,-0.19,-0.54,-1.05,-0.2,0.03,0.07,-0.28,0.06,-0.15,-0.14,0.37,-1.06,-0.38,0.79,-0.17,0.34,-0.12,0.89,0.9,0.3,0.93,0.81,0.64,0.61,0.27,0.65,0.59,0.8,0.91,2.4,0.65,1.11,1.19,0.94,1.42,1.74,0.88,2.14,1.34,1.62,1.97,1.28,2.09
"Western Sahara",24.1797324,-13.7667848,0.66,0.6,0.37,0.85,-0.32,0.31,0.01,-0.36,0.34,0.61,-0.71,-1.15,-0.05,-0.64,-0.31,-1.06,0.01,0.33,0.5,0.41,0.5,0.23,0.66,0.31,0.61,0.16,0.97,0.39,0.58,1.22,0.45,0.42,0.22,0.7,1.27,1.29,1.44,1.34,0.85,0.77,1.26,1.18,1.32,1.47,1.1,1.37,0.87,1.33,0.91,1.92,1.56,1.32,1.36,1.28,1.35,1.45,1.91,0.64,1.21,1.8,1.32,1.69,2.02
"World",0,0,0.21,0.03,0.16,-0.25,-0.22,0.2,-0.12,-0.12,-0.09,0.15,-0.09,-0.2,0.27,-0.18,0.09,-0.31,0.27,0.0,0.22,0.33,0.44,0.08,0.45,0.12,-0.04,0.24,0.39,0.55,0.33,0.63,0.46,0.18,0.34,0.5,0.83,0.35,0.66,0.99,0.78,0.73,0.83,1.02,0.9,0.91,1.1,1.0,1.19,0.93,0.95,1.22,0.91,1.07,1.02,1.05,1.41,1.66,1.43,1.28,1.44,1.68,1.47,1.37,1.77
"Yemen",16.3471243,47.8915271,0.06,0.02,0.2,-0.22,-0.59,0.12,-0.22,-0.22,0.28,0.4,-0.18,0.07,0.27,-0.21,-0.07,-0.18,0.26,0.2,0.42,0.62,-0.18,-0.17,-0.03,0.24,0.48,-0.27,-0.15,0.85,0.27,0.24,NULL,NULL,NULL,NULL,NULL,NULL,-0.18,NULL,NULL,NULL,NULL,NULL,NULL,NULL,NULL,NULL,NULL,NULL,NULL,NULL,NULL,NULL,NULL,NULL,NULL,NULL,NULL,NULL,NULL,NULL,NULL,NULL,NULL
"Zambia",-14.5189121,27.5589884,0.23,-0.16,-0.39,-0.28,-0.41,0.31,-0.01,-0.13,0.24,0.35,-0.24,-0.12,0.39,-0.39,-0.11,-0.3,0.53,0.1,0.25,0.16,-0.14,0.35,1.06,0.57,0.22,0.07,0.97,0.67,0.18,0.83,0.11,0.72,0.02,0.34,0.72,0.73,0.49,1.03,0.23,0.12,0.38,0.76,0.95,0.41,1.15,0.76,0.96,0.52,0.51,1.45,0.97,1.11,1.16,1.0,2.06,1.58,0.58,1.0,1.35,1.39,1.27,1.06,1.27
"Zimbabwe",-18.4554963,29.7468414,0.29,0.25,-0.44,-0.09,-0.46,0.22,-0.05,0.09,0.21,0.42,-0.06,-0.4,0.59,-0.5,-0.28,-0.46,0.42,-0.03,0.18,-0.03,-0.36,0.19,1.24,0.5,0.04,0.03,1.07,0.46,0.2,0.55,0.2,1.07,0.41,0.07,0.78,-0.24,0.17,1.0,0.26,-0.21,0.22,0.64,0.49,-0.01,1.15,-0.14,0.3,0.2,-0.16,0.94,0.42,0.47,0.22,0.15,0.94,1.25,0.24,0.64,1.2,0.58,0.11,-0.25,0.61
